Número Proveedor,Nombre Proveedor,CUIT,Categor/a Proveedor,Tipo de Contribuyente,Observaciones,Contacto,Correo Electrónico,Teléfono,Razón Social,Importe,Fecha,Nro_Cuenta,Ciudad,Pais,Maps
P00001,Proveedora S.A.,30-12345678-9,SERVIC/OS,RESPONSABLE INSCR/ITO,-,Juan Pérez,juan.perez@empresa.com,1234-5678,S.A.,"171.488,00",18/03/2024,501400,Buenos Aires,Argentina,
P00002,Pedro González,30-87654321-0,SERVIC/OS,MONOTRIBUTISTA,-,Pedro González,pedro.gonzalez@correo.zom,2345-6789,S.R.L.,"288.255,00",8/02/2024,503100,Cordoba,Argentina,
P00003,Empresa XYZ,30-13579246-3,MATER/IALES,RESPONSABLE INSCR/ITO,-,María López,maria.lopez@empresa.com,3456-7890,S.A.,"195.975,00",18/01/2024,506100,Rosario,Argentina,
P00004,Servicios AB,30-24681357-2,AGENTE /MPOSITIVO,RESPONSAB/LE INSCRIPTO,-,Laura Ruiz,laura.ruiz@correo.zom,AR4567-8901,S.R.L.,"158.607,00",9/03/2024,509100,Mendoza,Argentina,
P00005, Carlos Méndez,30-12345678-9,SERVIC/OS,MONOTRIBUTISTA,-, Carlos Méndez,carlos.mendez@correo.com,5678-9012,S.A.,"238.101,00",28/03/2024,516000,Buenos Aires,Argentina,
P00005, Carlos Méndez,30-12345678-9,SERVIC/OS,MONOTRIBUTISTA,-,Carlos Méndez,carlos.mendez@correo.com,5678-9012,S.A.,"288.617,00",14/04/2024,516000,Buenos Aires,Argentina,
P00006,Grupo Alfa,30-97531246-1,SERVIC/OS,RESPONSAB/LE INSCRIPTO,-,Alberto Fernández,alberto.fernandez@empresa.zom,6789-0123,S.R.L.,"251.833,00",9/01/2024,501400,San Miguel de Tucumán,Argentina,
P00007,Ana Sánchez,30-19283746-4,SERVIC/OS,RESPONSABLE INSCR/ITO,-,Ana Sánchez,ana.sanchez@correo.com,7890-1234,S.A.,"235.688,00",6/05/2024,503100,Mar del Plata,Argentina,
P00008,Compañía Beta,30-74859632-7,AGENTE /MPOSITIVO,MONOTRIBUTISTA,-,Laura Martínez,laura.martinez@empresa.zom,8901-2345,S.R.L.,"110.198,00",12/06/2024,506100,La Plata,Argentina,
P00008,Compañía Beta,30-74859632-7,AGENTE /MPOSITIVO,MONOTRIBUTISTA,-,Laura Martínez,laura.martinez@empresa.zom,8901-2345,S.R.L.,"269.252,00",21/01/2024,506100,La Plata,Argentina,
P00009,Fernando Gómez,30-12345679-8,MATER/IALES,RESPONSAB/LE INSCRIPTO,-, Fernando Gómez,fernando.gomez@correo.zom,9012-3456,S.A.,"12.373,00",20/01/2024,509100,Mendoza,Argentina,
P00009,Fernando Gómez,30-12345679-8,MATER/IALES,RESPONSAB/LE INSCRIPTO,-, Fernando Gómez,fernando.gomez@correo.zom,9012-3456,S.A.,"151.274,00",6/03/2024,509100,Mendoza,Argentina,
P00010,Soluciones Gama,30-98765432-1,SERVIC/OS,RESPONSABLE INSCR/ITO,-,Javier Martínez,javier.martinez@empresa.com,0123-4567,S.R.L.,"101.610,00",28/01/2024,514100,Mar del Plata,Argentina,
P00010,Soluciones Gama,30-98765432-1,SERVIC/OS,RESPONSABLE INSCR/ITO,-,Javier Martínez,javier.martinez@empresa.com,0123-4567,S.R.L.,"273.713,00",2/05/2024,514100,Mar del Plata,Argentina,
P00011,Javier López,30-65432198-7,AGENTE /MPOSITIVO,MONOTRIBUTISTA,-,Javier López,javier.lopez@correo.zom,1234-5678,S.A.,"291.963,00",4/06/2024,516000,Mar del Plata,Argentina,
P00012,Proveedor Ltda.,30-32165487-0,SERVIC/OS,RESPONSABLE INSCR/ITO,-,Natalia Gómez,natalia.gomez@empresa.com,2345-6789,S.R.L.,"224.379,00",9/04/2024,501400,Salta,Argentina,
P00012,Proveedor Ltda.,30-32165487-0,SERVIC/OS,RESPONSABLE INSCR/ITO,-,Natalia Gómez,natalia.gomez@empresa.com,2345-6789,S.R.L.,"153.447,00",3/06/2024,501400,Salta,Argentina,
P00013,Repuestos Omega,30-45678901-2,SERVIC/OS,MONOTRIBUTISTA,-, Sergio Castro,sergio.castro@correo.zom,3456-7890,S.A.,"79.543,00",14/04/2024,503100,Santa Fe,Argentina,
P00013,Repuestos Omega,30-45678901-2,SERVIC/OS,MONOTRIBUTISTA,-, Sergio Castro,sergio.castro@correo.zom,3456-7890,S.A.,"41.665,00",1/02/2024,503100,Santa Fe,Argentina,
P00014,Estudio Jurídico Alfa,30135792487,MATER/IALES,RESPONSABLE INSCR/ITO,-,María Hernández,maria.hernandez@correo.com,4567-8901,S.R.L.,"58.494,00",15/01/2024,506100,San Juan,Argentina,
P00014,Estudio Jurídico Alfa,30135792487,MATER/IALES,RESPONSABLE INSCR/ITO,-,María Hernández,maria.hernandez@correo.com,4567-8901,S.R.L.,"218.705,00",19/06/2024,506100,San Juan,Argentina,
P00015,Rosa Pérez,30-24681358-6,AGENTE /MPOSITIVO,RESPONSAB/LE INSCRIPTO,-,Rosa Pérez,rosa.perez@correo.zom,5678-9012,S.A.,"35.574,00",24/05/2024,509100,Buenos Aires,Argentina,
P00015,Rosa Pérez,30-24681358-6,AGENTE /MPOSITIVO,RESPONSAB/LE INSCRIPTO,-,Rosa Pérez,rosa.perez@correo.zom,5678-9012,S.A.,"26.434,00",19/05/2024,509100,Buenos Aires,Argentina,
P00016,Marketing Global,30-97531247-8,SERVIC/OS,RESPONSABLE INSCR/ITO,-,Gabriela Gómez,gabriela.gomez@empresa.com,AR6789-0123,S.R.L.,"295.412,00",9/04/2024,514100,Neuquén,Argentina,
P00016,Marketing Global,30-97531247-8,SERVIC/OS,RESPONSABLE INSCR/ITO,-,Gabriela Gómez,gabriela.gomez@empresa.com,AR6789-0123,S.R.L.,"128.265,00",10/04/2024,514100,Neuquén,Argentina,
P00017,Julio Fernández,30-86430976-9,MATER/IALES,MONOTRIBUTISTA,-,Julio Fernández,julio.fernandez@correo.zom,7890-1234,S.A.,"136.358,00",1/05/2024,516000,Rio Gallegos,Argentina,
P00017,Julio Fernández,30-86430976-9,MATER/IALES,MONOTRIBUTISTA,-,Julio Fernández,julio.fernandez@correo.zom,7890-1234,S.A.,"288.537,00",5/03/2024,516000,Rio Gallegos,Argentina,
P00018,Consultora Zeta,30-19283747-0,SERVIC/OS,RESPONSABLE INSCR/ITO,-, Laura Sánchez,laura.sanchez@empresa.zom,8901-2345,S.R.L.,"122.441,00",3/01/2024,501400,San Rafael,Argentina,
P00018,Consultora Zeta,30-19283747-0,SERVIC/OS,RESPONSABLE INSCR/ITO,-, Laura Sánchez,laura.sanchez@empresa.zom,8901-2345,S.R.L.,"133.962,00",4/02/2024,501400,San Rafael,Argentina,
P00101,Luis Martínez,20-12345678-9,Tecnología,Monotributista,-,Luis Martínez,luis.martinez@empresa.xyz,0111-2345,S.R.L.,"109.470,00",1/01/2019,509100,Buenos Aires,Argentina,
P00101,Luis Martínez,20-12345678-9,Tecnología,Monotributista,-,Luis Martínez,luis.martinez@empresa.xyz,0111-2345,S.R.L.,"211.512,00",28/03/2019,509100,Buenos Aires,Argentina,
P00101,Luis Martínez,20-12345678-9,Tecnología,Monotributista,-,Luis Martínez,luis.martinez@empresa.xyz,0111-2345,S.R.L.,"115.392,00",28/05/2019,509100,Buenos Aires,Argentina,
P00101,Luis Martínez,20-12345678-9,Tecnología,Monotributista,-,Luis Martínez,luis.martinez@empresa.xyz,0111-2345,S.R.L.,"66.906,00",7/01/2021,509100,Buenos Aires,Argentina,
P00101,Luis Martínez,20-12345678-9,Tecnología,Monotributista,-,Luis Martínez,luis.martinez@empresa.xyz,0111-2345,S.R.L.,"149.277,00",7/10/2020,509100,Buenos Aires,Argentina,
P00101,Luis Martínez,20-12345678-9,Tecnología,Monotributista,-,Luis Martínez,luis.martinez@empresa.xyz,0111-2345,S.R.L.,"164.820,00",1/01/2023,509100,Buenos Aires,Argentina,
P00101,Luis Martínez,20-12345678-9,Tecnología,Monotributista,-,Luis Martínez,luis.martinez@empresa.xyz,0111-2345,S.R.L.,"84.017,00",7/10/2023,509100,Buenos Aires,Argentina,
P00102,Ana Rodríguez,30-98765432-5,Consultoría,IVA Responsable,-,Ana Rodríguez,ana.rodriguez@empresa.abc,0123-5678,S.A.,"12.770,00",3/01/2019,501400,Bahía Blanca,Argentina,
P00102,Ana Rodríguez,30-98765432-5,Consultoría,IVA Responsable,-,Ana Rodríguez,ana.rodriguez@empresa.abc,0123-5678,S.A.,"279.575,00",1/04/2019,501400,Bahía Blanca,Argentina,
P00102,Ana Rodríguez,30-98765432-5,Consultoría,IVA Responsable,-,Ana Rodríguez,ana.rodriguez@empresa.abc,0123-5678,S.A.,"229.019,00",1/06/2019,501400,Bahía Blanca,Argentina,
P00102,Ana Rodríguez,30-98765432-5,Consultoría,IVA Responsable,-,Ana Rodríguez,ana.rodriguez@empresa.abc,0123-5678,S.A.,"277.032,00",10/01/2021,501400,Bahía Blanca,Argentina,
P00102,Ana Rodríguez,30-98765432-5,Consultoría,IVA Responsable,-,Ana Rodríguez,ana.rodriguez@empresa.abc,0123-5678,S.A.,"170.554,00",10/10/2020,501400,Bahía Blanca,Argentina,
P00102,Ana Rodríguez,30-98765432-5,Consultoría,IVA Responsable,-,Ana Rodríguez,ana.rodriguez@empresa.abc,0123-5678,S.A.,"109.099,00",3/01/2023,501400,Bahía Blanca,Argentina,
P00102,Ana Rodríguez,30-98765432-5,Consultoría,IVA Responsable,-,Ana Rodríguez,ana.rodriguez@empresa.abc,0123-5678,S.A.,"120.929,00",10/10/2023,501400,Bahía Blanca,Argentina,
P00103,Carlos Fernández,27-23456789-1,Energía Renovable,Monotributista,-,Carlos Fernández,carlos.fernandez@empresa.def,0345-6789,Cooperativa,"272.036,00",5/01/2019,501400,Buenos Aires,Argentina,
P00103,Carlos Fernández,27-23456789-1,Energía Renovable,Monotributista,-,Carlos Fernández,carlos.fernandez@empresa.def,0345-6789,Cooperativa,"211.801,00",4/04/2019,501400,Buenos Aires,Argentina,
P00103,Carlos Fernández,27-23456789-1,Energía Renovable,Monotributista,-,Carlos Fernández,carlos.fernandez@empresa.def,0345-6789,Cooperativa,"153.534,00",4/06/2019,501400,Buenos Aires,Argentina,
P00103,Carlos Fernández,27-23456789-1,Energía Renovable,Monotributista,-,Carlos Fernández,carlos.fernandez@empresa.def,0345-6789,Cooperativa,"291.211,00",13/01/2021,501400,Buenos Aires,Argentina,
P00103,Carlos Fernández,27-23456789-1,Energía Renovable,Monotributista,-,Carlos Fernández,carlos.fernandez@empresa.def,0345-6789,Cooperativa,"25.100,00",13/10/2020,501400,Buenos Aires,Argentina,
P00103,Carlos Fernández,27-23456789-1,Energía Renovable,Monotributista,-,Carlos Fernández,carlos.fernandez@empresa.def,0345-6789,Cooperativa,"136.125,00",5/01/2023,501400,Buenos Aires,Argentina,
P00103,Carlos Fernández,27-23456789-1,Energía Renovable,Monotributista,-,Carlos Fernández,carlos.fernandez@empresa.def,0345-6789,Cooperativa,"151.245,00",13/10/2023,501400,Buenos Aires,Argentina,
P00104,María González,23-45678901-3,Transporte,Responsable Inscripto,-,María González,maria.gonzalez@empresa.ghi,0678-3456,S.R.L.,"10.352,00",7/01/2019,502100,Buenos Aires,Argentina,
P00104,María González,23-45678901-3,Transporte,Responsable Inscripto,-,María González,maria.gonzalez@empresa.ghi,0678-3456,S.R.L.,"199.434,00",7/04/2019,502100,Buenos Aires,Argentina,
P00104,María González,23-45678901-3,Transporte,Responsable Inscripto,-,María González,maria.gonzalez@empresa.ghi,0678-3456,S.R.L.,"288.754,00",16/01/2021,502100,Buenos Aires,Argentina,
P00104,María González,23-45678901-3,Transporte,Responsable Inscripto,-,María González,maria.gonzalez@empresa.ghi,0678-3456,S.R.L.,"241.670,00",7/01/2023,502100,Buenos Aires,Argentina,
P00105,Pedro López,33-56789012-4,Construcción,Monotributista,-,Pedro López,pedro.lopez@empresa.jkl,0765-4321,Sociedad Anónima,"291.670,00",10/01/2019,516000,Santiago del Estero,Argentina,
P00105,Pedro López,33-56789012-4,Construcción,Monotributista,-,Pedro López,pedro.lopez@empresa.jkl,0765-4321,Sociedad Anónima,"175.139,00",10/04/2019,516000,Santiago del Estero,Argentina,
P00105,Pedro López,33-56789012-4,Construcción,Monotributista,-,Pedro López,pedro.lopez@empresa.jkl,0765-4321,Sociedad Anónima,"140.691,00",19/01/2021,516000,Santiago del Estero,Argentina,
P00105,Pedro López,33-56789012-4,Construcción,Monotributista,-,Pedro López,pedro.lopez@empresa.jkl,0765-4321,Sociedad Anónima,"257.510,00",10/01/2023,516000,Santiago del Estero,Argentina,
P00106,Laura Pérez,20-87654321-2,Agroindustria,IVA Responsable,-,Laura Pérez,laura.perez@empresa.mno,0889-7654,S.R.L.,"104.176,00",11/02/2019,507100,Río Cuarto,Argentina,
P00106,Laura Pérez,20-87654321-2,Agroindustria,IVA Responsable,-,Laura Pérez,laura.perez@empresa.mno,0889-7654,S.R.L.,"18.742,00",13/04/2019,507100,Río Cuarto,Argentina,
P00106,Laura Pérez,20-87654321-2,Agroindustria,IVA Responsable,-,Laura Pérez,laura.perez@empresa.mno,0889-7654,S.R.L.,"29.783,00",22/01/2021,507100,Río Cuarto,Argentina,
P00106,Laura Pérez,20-87654321-2,Agroindustria,IVA Responsable,-,Laura Pérez,laura.perez@empresa.mno,0889-7654,S.R.L.,"47.776,00",11/02/2023,507100,Río Cuarto,Argentina,
P00107,Javier Ramírez,30-65432109-8,Tecnología,Monotributista,-,Javier Ramírez,javier.ramirez@empresa.pqr,0999-1234,S.A.,"64.042,00",14/02/2019,509100,San Fernando del Valle de Catamarca,Argentina,
P00107,Javier Ramírez,30-65432109-8,Tecnología,Monotributista,-,Javier Ramírez,javier.ramirez@empresa.pqr,0999-1234,S.A.,"271.022,00",16/04/2019,509100,San Fernando del Valle de Catamarca,Argentina,
P00107,Javier Ramírez,30-65432109-8,Tecnología,Monotributista,-,Javier Ramírez,javier.ramirez@empresa.pqr,0999-1234,S.A.,"269.442,00",25/01/2021,509100,San Fernando del Valle de Catamarca,Argentina,
P00107,Javier Ramírez,30-65432109-8,Tecnología,Monotributista,-,Javier Ramírez,javier.ramirez@empresa.pqr,0999-1234,S.A.,"51.622,00",14/02/2023,509100,San Fernando del Valle de Catamarca,Argentina,
P00108,Claudia Sánchez,27-76543210-6,Energía Renovable,Responsable Inscripto,-,Claudia Sánchez,claudia.sanchez@empresa.stu,0777-5678,Cooperativa,"131.033,00",17/02/2019,501400,Villa María,Argentina,
P00108,Claudia Sánchez,27-76543210-6,Energía Renovable,Responsable Inscripto,-,Claudia Sánchez,claudia.sanchez@empresa.stu,0777-5678,Cooperativa,"166.866,00",19/04/2019,501400,Villa María,Argentina,
P00108,Claudia Sánchez,27-76543210-6,Energía Renovable,Responsable Inscripto,-,Claudia Sánchez,claudia.sanchez@empresa.stu,0777-5678,Cooperativa,"42.714,00",28/01/2021,501400,Villa María,Argentina,
P00108,Claudia Sánchez,27-76543210-6,Energía Renovable,Responsable Inscripto,-,Claudia Sánchez,claudia.sanchez@empresa.stu,0777-5678,Cooperativa,"130.133,00",17/02/2023,501400,Villa María,Argentina,
P00109,Daniel Morales,23-87654320-5,Transporte,Monotributista,-,Daniel Morales,daniel.morales@empresa.vwx,0555-4321,S.R.L.,"152.895,00",20/02/2019,502100,San Luis,Argentina,
P00109,Daniel Morales,23-87654320-5,Transporte,Monotributista,-,Daniel Morales,daniel.morales@empresa.vwx,0555-4321,S.R.L.,"230.465,00",22/04/2019,502100,San Luis,Argentina,
P00109,Daniel Morales,23-87654320-5,Transporte,Monotributista,-,Daniel Morales,daniel.morales@empresa.vwx,0555-4321,S.R.L.,"190.624,00",1/02/2021,502100,San Luis,Argentina,
P00109,Daniel Morales,23-87654320-5,Transporte,Monotributista,-,Daniel Morales,daniel.morales@empresa.vwx,0555-4321,S.R.L.,"232.698,00",20/02/2023,502100,San Luis,Argentina,
P00110,Gabriela Torres,33-76543219-7,Construcción,IVA Responsable,-,Gabriela Torres,gabriela.torres@empresa.yza,0666-2345,Sociedad Anónima,"192.247,00",12/01/2019,516000,Chaco,Argentina,
P00110,Gabriela Torres,33-76543219-7,Construcción,IVA Responsable,-,Gabriela Torres,gabriela.torres@empresa.yza,0666-2345,Sociedad Anónima,"215.535,00",23/02/2019,516000,Chaco,Argentina,
P00110,Gabriela Torres,33-76543219-7,Construcción,IVA Responsable,-,Gabriela Torres,gabriela.torres@empresa.yza,0666-2345,Sociedad Anónima,"53.588,00",25/04/2019,516000,Chaco,Argentina,
P00110,Gabriela Torres,33-76543219-7,Construcción,IVA Responsable,-,Gabriela Torres,gabriela.torres@empresa.yza,0666-2345,Sociedad Anónima,"198.463,00",4/02/2021,516000,Chaco,Argentina,
P00110,Gabriela Torres,33-76543219-7,Construcción,IVA Responsable,-,Gabriela Torres,gabriela.torres@empresa.yza,0666-2345,Sociedad Anónima,"193.408,00",12/01/2023,516000,Chaco,Argentina,
P00110,Gabriela Torres,33-76543219-7,Construcción,IVA Responsable,-,Gabriela Torres,gabriela.torres@empresa.yza,0666-2345,Sociedad Anónima,"175.620,00",23/02/2023,516000,Chaco,Argentina,
P00111,Jorge Herrera,20-87654322-3,Agroindustria,Monotributista,-,Jorge Herrera,jorge.herrera@empresa.bcd,0123-9876,S.R.L.,"233.493,00",15/01/2019,507100,Buenos Aires,Argentina,
P00111,Jorge Herrera,20-87654322-3,Agroindustria,Monotributista,-,Jorge Herrera,jorge.herrera@empresa.bcd,0123-9876,S.R.L.,"172.873,00",26/02/2019,507100,Buenos Aires,Argentina,
P00111,Jorge Herrera,20-87654322-3,Agroindustria,Monotributista,-,Jorge Herrera,jorge.herrera@empresa.bcd,0123-9876,S.R.L.,"134.090,00",28/04/2019,507100,Buenos Aires,Argentina,
P00111,Jorge Herrera,20-87654322-3,Agroindustria,Monotributista,-,Jorge Herrera,jorge.herrera@empresa.bcd,0123-9876,S.R.L.,"128.552,00",7/02/2021,507100,Buenos Aires,Argentina,
P00111,Jorge Herrera,20-87654322-3,Agroindustria,Monotributista,-,Jorge Herrera,jorge.herrera@empresa.bcd,0123-9876,S.R.L.,"200.989,00",15/01/2023,507100,Buenos Aires,Argentina,
P00111,Jorge Herrera,20-87654322-3,Agroindustria,Monotributista,-,Jorge Herrera,jorge.herrera@empresa.bcd,0123-9876,S.R.L.,"248.690,00",26/02/2023,507100,Buenos Aires,Argentina,
P00112,Silvia Ramírez,30-76543214-8,Tecnología,IVA Responsable,-,Silvia Ramírez,silvia.ramirez@empresa.efg,0999-2345,S.A.,"39.393,00",17/01/2019,509100,San Nicolás,Argentina,
P00112,Silvia Ramírez,30-76543214-8,Tecnología,IVA Responsable,-,Silvia Ramírez,silvia.ramirez@empresa.efg,0999-2345,S.A.,"202.116,00",1/03/2019,509100,San Nicolás,Argentina,
P00112,Silvia Ramírez,30-76543214-8,Tecnología,IVA Responsable,-,Silvia Ramírez,silvia.ramirez@empresa.efg,0999-2345,S.A.,"282.553,00",1/05/2019,509100,San Nicolás,Argentina,
P00112,Silvia Ramírez,30-76543214-8,Tecnología,IVA Responsable,-,Silvia Ramírez,silvia.ramirez@empresa.efg,0999-2345,S.A.,"143.848,00",10/02/2021,509100,San Nicolás,Argentina,
P00112,Silvia Ramírez,30-76543214-8,Tecnología,IVA Responsable,-,Silvia Ramírez,silvia.ramirez@empresa.efg,0999-2345,S.A.,"172.745,00",17/01/2023,509100,San Nicolás,Argentina,
P00112,Silvia Ramírez,30-76543214-8,Tecnología,IVA Responsable,-,Silvia Ramírez,silvia.ramirez@empresa.efg,0999-2345,S.A.,"176.341,00",1/03/2023,509100,San Nicolás,Argentina,
P00113,Roberto Cruz,27-23456789-3,Energía Renovable,Responsable Inscripto,-,Roberto Cruz,roberto.cruz@empresa.hij,0555-9876,Cooperativa,"125.746,00",20/01/2019,501400,Luján,Argentina,
P00113,Roberto Cruz,27-23456789-3,Energía Renovable,Responsable Inscripto,-,Roberto Cruz,roberto.cruz@empresa.hij,0555-9876,Cooperativa,"259.600,00",4/03/2019,501400,Luján,Argentina,
P00113,Roberto Cruz,27-23456789-3,Energía Renovable,Responsable Inscripto,-,Roberto Cruz,roberto.cruz@empresa.hij,0555-9876,Cooperativa,"232.274,00",4/05/2019,501400,Luján,Argentina,
P00113,Roberto Cruz,27-23456789-3,Energía Renovable,Responsable Inscripto,-,Roberto Cruz,roberto.cruz@empresa.hij,0555-9876,Cooperativa,"49.747,00",7/06/2019,501400,Luján,Argentina,
P00113,Roberto Cruz,27-23456789-3,Energía Renovable,Responsable Inscripto,-,Roberto Cruz,roberto.cruz@empresa.hij,0555-9876,Cooperativa,"111.656,00",13/02/2021,501400,Luján,Argentina,
P00113,Roberto Cruz,27-23456789-3,Energía Renovable,Responsable Inscripto,-,Roberto Cruz,roberto.cruz@empresa.hij,0555-9876,Cooperativa,"43.202,00",16/10/2020,501400,Luján,Argentina,
P00113,Roberto Cruz,27-23456789-3,Energía Renovable,Responsable Inscripto,-,Roberto Cruz,roberto.cruz@empresa.hij,0555-9876,Cooperativa,"129.158,00",20/01/2023,501400,Luján,Argentina,
P00113,Roberto Cruz,27-23456789-3,Energía Renovable,Responsable Inscripto,-,Roberto Cruz,roberto.cruz@empresa.hij,0555-9876,Cooperativa,"152.240,00",4/03/2023,501400,Luján,Argentina,
P00113,Roberto Cruz,27-23456789-3,Energía Renovable,Responsable Inscripto,-,Roberto Cruz,roberto.cruz@empresa.hij,0555-9876,Cooperativa,"35.853,00",16/10/2023,501400,Luján,Argentina,
P00114,Patricia Gómez,23-87654323-6,Transporte,Monotributista,-,Patricia Gómez,patricia.gomez@empresa.klm,0765-3456,S.R.L.,"13.869,00",22/01/2019,502100,Jujuy,Argentina,
P00114,Patricia Gómez,23-87654323-6,Transporte,Monotributista,-,Patricia Gómez,patricia.gomez@empresa.klm,0765-3456,S.R.L.,"157.396,00",7/03/2019,502100,Jujuy,Argentina,
P00114,Patricia Gómez,23-87654323-6,Transporte,Monotributista,-,Patricia Gómez,patricia.gomez@empresa.klm,0765-3456,S.R.L.,"97.345,00",7/05/2019,502100,Jujuy,Argentina,
P00114,Patricia Gómez,23-87654323-6,Transporte,Monotributista,-,Patricia Gómez,patricia.gomez@empresa.klm,0765-3456,S.R.L.,"57.351,00",10/06/2019,502100,Jujuy,Argentina,
P00114,Patricia Gómez,23-87654323-6,Transporte,Monotributista,-,Patricia Gómez,patricia.gomez@empresa.klm,0765-3456,S.R.L.,"251.228,00",16/02/2021,502100,Jujuy,Argentina,
P00114,Patricia Gómez,23-87654323-6,Transporte,Monotributista,-,Patricia Gómez,patricia.gomez@empresa.klm,0765-3456,S.R.L.,"257.036,00",19/10/2020,502100,Jujuy,Argentina,
P00114,Patricia Gómez,23-87654323-6,Transporte,Monotributista,-,Patricia Gómez,patricia.gomez@empresa.klm,0765-3456,S.R.L.,"226.947,00",22/01/2023,502100,Jujuy,Argentina,
P00114,Patricia Gómez,23-87654323-6,Transporte,Monotributista,-,Patricia Gómez,patricia.gomez@empresa.klm,0765-3456,S.R.L.,"57.471,00",19/10/2023,502100,Jujuy,Argentina,
P00115,Ernesto Ruiz,33-65432198-7,Construcción,IVA Responsable,-,Ernesto Ruiz,ernesto.ruiz@empresa.nop,0889-6543,Sociedad Anónima,"277.243,00",25/01/2019,516000,Buenos Aires,Argentina,
P00115,Ernesto Ruiz,33-65432198-7,Construcción,IVA Responsable,-,Ernesto Ruiz,ernesto.ruiz@empresa.nop,0889-6543,Sociedad Anónima,"184.382,00",10/03/2019,516000,Buenos Aires,Argentina,
P00115,Ernesto Ruiz,33-65432198-7,Construcción,IVA Responsable,-,Ernesto Ruiz,ernesto.ruiz@empresa.nop,0889-6543,Sociedad Anónima,"273.206,00",10/05/2019,516000,Buenos Aires,Argentina,
P00115,Ernesto Ruiz,33-65432198-7,Construcción,IVA Responsable,-,Ernesto Ruiz,ernesto.ruiz@empresa.nop,0889-6543,Sociedad Anónima,"109.321,00",13/06/2019,516000,Buenos Aires,Argentina,
P00115,Ernesto Ruiz,33-65432198-7,Construcción,IVA Responsable,-,Ernesto Ruiz,ernesto.ruiz@empresa.nop,0889-6543,Sociedad Anónima,"11.195,00",19/02/2021,516000,Buenos Aires,Argentina,
P00115,Ernesto Ruiz,33-65432198-7,Construcción,IVA Responsable,-,Ernesto Ruiz,ernesto.ruiz@empresa.nop,0889-6543,Sociedad Anónima,"218.095,00",22/10/2020,516000,Buenos Aires,Argentina,
P00115,Ernesto Ruiz,33-65432198-7,Construcción,IVA Responsable,-,Ernesto Ruiz,ernesto.ruiz@empresa.nop,0889-6543,Sociedad Anónima,"14.028,00",25/01/2023,516000,Buenos Aires,Argentina,
P00115,Ernesto Ruiz,33-65432198-7,Construcción,IVA Responsable,-,Ernesto Ruiz,ernesto.ruiz@empresa.nop,0889-6543,Sociedad Anónima,"289.894,00",22/10/2023,516000,Buenos Aires,Argentina,
P00116,Valeria Ortega,20-98765432-9,Agroindustria,Monotributista,-,Valeria Ortega,valeria.ortega@empresa.qrs,0777-7654,S.R.L.,"212.213,00",27/01/2019,507100,Buenos Aires,Argentina,
P00116,Valeria Ortega,20-98765432-9,Agroindustria,Monotributista,-,Valeria Ortega,valeria.ortega@empresa.qrs,0777-7654,S.R.L.,"189.803,00",13/03/2019,507100,Buenos Aires,Argentina,
P00116,Valeria Ortega,20-98765432-9,Agroindustria,Monotributista,-,Valeria Ortega,valeria.ortega@empresa.qrs,0777-7654,S.R.L.,"91.956,00",13/05/2019,507100,Buenos Aires,Argentina,
P00116,Valeria Ortega,20-98765432-9,Agroindustria,Monotributista,-,Valeria Ortega,valeria.ortega@empresa.qrs,0777-7654,S.R.L.,"94.918,00",16/06/2019,507100,Buenos Aires,Argentina,
P00116,Valeria Ortega,20-98765432-9,Agroindustria,Monotributista,-,Valeria Ortega,valeria.ortega@empresa.qrs,0777-7654,S.R.L.,"262.781,00",22/09/2020,507100,Buenos Aires,Argentina,
P00116,Valeria Ortega,20-98765432-9,Agroindustria,Monotributista,-,Valeria Ortega,valeria.ortega@empresa.qrs,0777-7654,S.R.L.,"113.111,00",25/10/2020,507100,Buenos Aires,Argentina,
P00116,Valeria Ortega,20-98765432-9,Agroindustria,Monotributista,-,Valeria Ortega,valeria.ortega@empresa.qrs,0777-7654,S.R.L.,"93.391,00",27/01/2023,507100,Buenos Aires,Argentina,
P00116,Valeria Ortega,20-98765432-9,Agroindustria,Monotributista,-,Valeria Ortega,valeria.ortega@empresa.qrs,0777-7654,S.R.L.,"228.821,00",25/10/2023,507100,Buenos Aires,Argentina,
P00117,Juan Castillo,30-87654321-0,Tecnología,IVA Responsable,-,Juan Castillo,juan.castillo@empresa.tuv,0345-9998,S.A.,"214.933,00",30/01/2019,509100,Trelew,Argentina,
P00117,Juan Castillo,30-87654321-0,Tecnología,IVA Responsable,-,Juan Castillo,juan.castillo@empresa.tuv,0345-9998,S.A.,"121.607,00",16/03/2019,509100,Trelew,Argentina,
P00117,Juan Castillo,30-87654321-0,Tecnología,IVA Responsable,-,Juan Castillo,juan.castillo@empresa.tuv,0345-9998,S.A.,"63.352,00",16/05/2019,509100,Trelew,Argentina,
P00117,Juan Castillo,30-87654321-0,Tecnología,IVA Responsable,-,Juan Castillo,juan.castillo@empresa.tuv,0345-9998,S.A.,"60.909,00",19/06/2019,509100,Trelew,Argentina,
P00117,Juan Castillo,30-87654321-0,Tecnología,IVA Responsable,-,Juan Castillo,juan.castillo@empresa.tuv,0345-9998,S.A.,"191.131,00",25/09/2020,509100,Trelew,Argentina,
P00117,Juan Castillo,30-87654321-0,Tecnología,IVA Responsable,-,Juan Castillo,juan.castillo@empresa.tuv,0345-9998,S.A.,"30.101,00",28/10/2020,509100,Trelew,Argentina,
P00117,Juan Castillo,30-87654321-0,Tecnología,IVA Responsable,-,Juan Castillo,juan.castillo@empresa.tuv,0345-9998,S.A.,"239.664,00",30/01/2023,509100,Trelew,Argentina,
P00117,Juan Castillo,30-87654321-0,Tecnología,IVA Responsable,-,Juan Castillo,juan.castillo@empresa.tuv,0345-9998,S.A.,"16.770,00",28/10/2023,509100,Trelew,Argentina,
P00118,Sofía Martínez,27-12345678-9,Energía Renovable,Responsable Inscripto,-,Sofía Martínez,sofia.martinez@empresa.wxy,0555-2345,Cooperativa,"167.832,00",2/02/2019,501400,Mendoza,Argentina,
P00118,Sofía Martínez,27-12345678-9,Energía Renovable,Responsable Inscripto,-,Sofía Martínez,sofia.martinez@empresa.wxy,0555-2345,Cooperativa,"247.694,00",19/03/2019,501400,Mendoza,Argentina,
P00118,Sofía Martínez,27-12345678-9,Energía Renovable,Responsable Inscripto,-,Sofía Martínez,sofia.martinez@empresa.wxy,0555-2345,Cooperativa,"113.663,00",19/05/2019,501400,Mendoza,Argentina,
P00118,Sofía Martínez,27-12345678-9,Energía Renovable,Responsable Inscripto,-,Sofía Martínez,sofia.martinez@empresa.wxy,0555-2345,Cooperativa,"19.987,00",22/06/2019,501400,Mendoza,Argentina,
P00118,Sofía Martínez,27-12345678-9,Energía Renovable,Responsable Inscripto,-,Sofía Martínez,sofia.martinez@empresa.wxy,0555-2345,Cooperativa,"26.855,00",28/09/2020,501400,Mendoza,Argentina,
P00118,Sofía Martínez,27-12345678-9,Energía Renovable,Responsable Inscripto,-,Sofía Martínez,sofia.martinez@empresa.wxy,0555-2345,Cooperativa,"299.321,00",1/11/2020,501400,Mendoza,Argentina,
P00118,Sofía Martínez,27-12345678-9,Energía Renovable,Responsable Inscripto,-,Sofía Martínez,sofia.martinez@empresa.wxy,0555-2345,Cooperativa,"145.362,00",2/02/2023,501400,Mendoza,Argentina,
P00118,Sofía Martínez,27-12345678-9,Energía Renovable,Responsable Inscripto,-,Sofía Martínez,sofia.martinez@empresa.wxy,0555-2345,Cooperativa,"52.591,00",1/11/2023,501400,Mendoza,Argentina,
P00119,Pablo Díaz,23-87654329-8,Transporte,Monotributista,-,Pablo Díaz,pablo.diaz@empresa.zab,0123-7654,S.R.L.,"285.851,00",5/02/2019,502100,San Fernando,Argentina,
P00119,Pablo Díaz,23-87654329-8,Transporte,Monotributista,-,Pablo Díaz,pablo.diaz@empresa.zab,0123-7654,S.R.L.,"266.431,00",22/03/2019,502100,San Fernando,Argentina,
P00119,Pablo Díaz,23-87654329-8,Transporte,Monotributista,-,Pablo Díaz,pablo.diaz@empresa.zab,0123-7654,S.R.L.,"47.892,00",22/05/2019,502100,San Fernando,Argentina,
P00119,Pablo Díaz,23-87654329-8,Transporte,Monotributista,-,Pablo Díaz,pablo.diaz@empresa.zab,0123-7654,S.R.L.,"143.655,00",25/06/2019,502100,San Fernando,Argentina,
P00119,Pablo Díaz,23-87654329-8,Transporte,Monotributista,-,Pablo Díaz,pablo.diaz@empresa.zab,0123-7654,S.R.L.,"253.069,00",1/01/2021,502100,San Fernando,Argentina,
P00119,Pablo Díaz,23-87654329-8,Transporte,Monotributista,-,Pablo Díaz,pablo.diaz@empresa.zab,0123-7654,S.R.L.,"124.078,00",1/10/2020,502100,San Fernando,Argentina,
P00119,Pablo Díaz,23-87654329-8,Transporte,Monotributista,-,Pablo Díaz,pablo.diaz@empresa.zab,0123-7654,S.R.L.,"164.974,00",4/11/2020,502100,San Fernando,Argentina,
P00119,Pablo Díaz,23-87654329-8,Transporte,Monotributista,-,Pablo Díaz,pablo.diaz@empresa.zab,0123-7654,S.R.L.,"98.184,00",5/02/2023,502100,San Fernando,Argentina,
P00119,Pablo Díaz,23-87654329-8,Transporte,Monotributista,-,Pablo Díaz,pablo.diaz@empresa.zab,0123-7654,S.R.L.,"70.237,00",1/10/2023,502100,San Fernando,Argentina,
P00119,Pablo Díaz,23-87654329-8,Transporte,Monotributista,-,Pablo Díaz,pablo.diaz@empresa.zab,0123-7654,S.R.L.,"249.088,00",4/11/2023,502100,San Fernando,Argentina,
P00120,Isabel Ramírez,33-76543218-9,Construcción,IVA Responsable,-,Isabel Ramírez,isabel.ramirez@empresa.bef,0999-9876,Sociedad Anónima,"130.253,00",8/02/2019,516000,Merlo,Argentina,
P00120,Isabel Ramírez,33-76543218-9,Construcción,IVA Responsable,-,Isabel Ramírez,isabel.ramirez@empresa.bef,0999-9876,Sociedad Anónima,"201.168,00",25/03/2019,516000,Merlo,Argentina,
P00120,Isabel Ramírez,33-76543218-9,Construcción,IVA Responsable,-,Isabel Ramírez,isabel.ramirez@empresa.bef,0999-9876,Sociedad Anónima,"182.791,00",25/05/2019,516000,Merlo,Argentina,
P00120,Isabel Ramírez,33-76543218-9,Construcción,IVA Responsable,-,Isabel Ramírez,isabel.ramirez@empresa.bef,0999-9876,Sociedad Anónima,"100.941,00",28/06/2019,516000,Merlo,Argentina,
P00120,Isabel Ramírez,33-76543218-9,Construcción,IVA Responsable,-,Isabel Ramírez,isabel.ramirez@empresa.bef,0999-9876,Sociedad Anónima,"74.480,00",1/07/2019,516000,Merlo,Argentina,
P00120,Isabel Ramírez,33-76543218-9,Construcción,IVA Responsable,-,Isabel Ramírez,isabel.ramirez@empresa.bef,0999-9876,Sociedad Anónima,"50.006,00",4/07/2019,516000,Merlo,Argentina,
P00120,Isabel Ramírez,33-76543218-9,Construcción,IVA Responsable,-,Isabel Ramírez,isabel.ramirez@empresa.bef,0999-9876,Sociedad Anónima,"70.453,00",4/01/2021,516000,Merlo,Argentina,
P00120,Isabel Ramírez,33-76543218-9,Construcción,IVA Responsable,-,Isabel Ramírez,isabel.ramirez@empresa.bef,0999-9876,Sociedad Anónima,"16.006,00",4/10/2020,516000,Merlo,Argentina,
P00120,Isabel Ramírez,33-76543218-9,Construcción,IVA Responsable,-,Isabel Ramírez,isabel.ramirez@empresa.bef,0999-9876,Sociedad Anónima,"168.444,00",7/11/2020,516000,Merlo,Argentina,
P00120,Isabel Ramírez,33-76543218-9,Construcción,IVA Responsable,-,Isabel Ramírez,isabel.ramirez@empresa.bef,0999-9876,Sociedad Anónima,"285.123,00",10/11/2020,516000,Merlo,Argentina,
P00120,Isabel Ramírez,33-76543218-9,Construcción,IVA Responsable,-,Isabel Ramírez,isabel.ramirez@empresa.bef,0999-9876,Sociedad Anónima,"118.002,00",13/11/2020,516000,Merlo,Argentina,
P00120,Isabel Ramírez,33-76543218-9,Construcción,IVA Responsable,-,Isabel Ramírez,isabel.ramirez@empresa.bef,0999-9876,Sociedad Anónima,"262.998,00",8/02/2023,516000,Merlo,Argentina,
P00120,Isabel Ramírez,33-76543218-9,Construcción,IVA Responsable,-,Isabel Ramírez,isabel.ramirez@empresa.bef,0999-9876,Sociedad Anónima,"71.101,00",4/10/2023,516000,Merlo,Argentina,
P00120,Isabel Ramírez,33-76543218-9,Construcción,IVA Responsable,-,Isabel Ramírez,isabel.ramirez@empresa.bef,0999-9876,Sociedad Anónima,"132.812,00",7/11/2023,516000,Merlo,Argentina,
P00120,Isabel Ramírez,33-76543218-9,Construcción,IVA Responsable,-,Isabel Ramírez,isabel.ramirez@empresa.bef,0999-9876,Sociedad Anónima,"193.225,00",10/11/2023,516000,Merlo,Argentina,
P00120,Isabel Ramírez,33-76543218-9,Construcción,IVA Responsable,-,Isabel Ramírez,isabel.ramirez@empresa.bef,0999-9876,Sociedad Anónima,"198.619,00",13/11/2023,516000,Merlo,Argentina,
P00121,Carla Medina,20-34567890-1,Software,Monotributista,-,Carla Medina,carla.medina@empresa.qrs,0123-6789,S.R.L.,"222.631,00",2/01/2020,509100,San Martín,Argentina,
P00121,Carla Medina,20-34567890-1,Software,Monotributista,-,Carla Medina,carla.medina@empresa.qrs,0123-6789,S.R.L.,"61.912,00",1/04/2020,509100,San Martín,Argentina,
P00121,Carla Medina,20-34567890-1,Software,Monotributista,-,Carla Medina,carla.medina@empresa.qrs,0123-6789,S.R.L.,"235.544,00",1/07/2020,509100,San Martín,Argentina,
P00121,Carla Medina,20-34567890-1,Software,Monotributista,-,Carla Medina,carla.medina@empresa.qrs,0123-6789,S.R.L.,"153.467,00",22/11/2020,509100,San Martín,Argentina,
P00121,Carla Medina,20-34567890-1,Software,Monotributista,-,Carla Medina,carla.medina@empresa.qrs,0123-6789,S.R.L.,"229.698,00",4/03/2021,509100,San Martín,Argentina,
P00121,Carla Medina,20-34567890-1,Software,Monotributista,-,Carla Medina,carla.medina@empresa.qrs,0123-6789,S.R.L.,"66.132,00",16/11/2020,509100,San Martín,Argentina,
P00121,Carla Medina,20-34567890-1,Software,Monotributista,-,Carla Medina,carla.medina@empresa.qrs,0123-6789,S.R.L.,"296.580,00",19/02/2021,509100,San Martín,Argentina,
P00121,Carla Medina,20-34567890-1,Software,Monotributista,-,Carla Medina,carla.medina@empresa.qrs,0123-6789,S.R.L.,"228.513,00",19/10/2022,509100,San Martín,Argentina,
P00122,Manuel Fernández,30-98765434-2,Consultoría IT,IVA Responsable,-,Manuel Fernández,manuel.fernandez@empresa.tuv,0345-6789,S.A.,"183.419,00",5/01/2020,501400,Viedma,Argentina,
P00122,Manuel Fernández,30-98765434-2,Consultoría IT,IVA Responsable,-,Manuel Fernández,manuel.fernandez@empresa.tuv,0345-6789,S.A.,"218.194,00",4/04/2020,501400,Viedma,Argentina,
P00122,Manuel Fernández,30-98765434-2,Consultoría IT,IVA Responsable,-,Manuel Fernández,manuel.fernandez@empresa.tuv,0345-6789,S.A.,"175.383,00",4/07/2020,501400,Viedma,Argentina,
P00122,Manuel Fernández,30-98765434-2,Consultoría IT,IVA Responsable,-,Manuel Fernández,manuel.fernandez@empresa.tuv,0345-6789,S.A.,"216.757,00",25/11/2020,501400,Viedma,Argentina,
P00122,Manuel Fernández,30-98765434-2,Consultoría IT,IVA Responsable,-,Manuel Fernández,manuel.fernandez@empresa.tuv,0345-6789,S.A.,"102.297,00",7/03/2021,501400,Viedma,Argentina,
P00122,Manuel Fernández,30-98765434-2,Consultoría IT,IVA Responsable,-,Manuel Fernández,manuel.fernandez@empresa.tuv,0345-6789,S.A.,"24.251,00",17/11/2022,501400,Viedma,Argentina,
P00122,Manuel Fernández,30-98765434-2,Consultoría IT,IVA Responsable,-,Manuel Fernández,manuel.fernandez@empresa.tuv,0345-6789,S.A.,"149.161,00",22/09/2022,501400,Viedma,Argentina,
P00122,Manuel Fernández,30-98765434-2,Consultoría IT,IVA Responsable,-,Manuel Fernández,manuel.fernandez@empresa.tuv,0345-6789,S.A.,"91.564,00",22/10/2022,501400,Viedma,Argentina,
P00123,Sofía Castro,27-87654321-0,Energía Eólica,Monotributista,-,Sofía Castro,sofia.castro@empresa.uvw,0456-7890,Sociedad Anónima,"296.190,00",8/01/2020,501400,Rawson,Argentina,
P00123,Sofía Castro,27-87654321-0,Energía Eólica,Monotributista,-,Sofía Castro,sofia.castro@empresa.uvw,0456-7890,Sociedad Anónima,"251.963,00",7/04/2020,501400,Rawson,Argentina,
P00123,Sofía Castro,27-87654321-0,Energía Eólica,Monotributista,-,Sofía Castro,sofia.castro@empresa.uvw,0456-7890,Sociedad Anónima,"119.340,00",7/07/2020,501400,Rawson,Argentina,
P00123,Sofía Castro,27-87654321-0,Energía Eólica,Monotributista,-,Sofía Castro,sofia.castro@empresa.uvw,0456-7890,Sociedad Anónima,"248.673,00",28/11/2020,501400,Rawson,Argentina,
P00123,Sofía Castro,27-87654321-0,Energía Eólica,Monotributista,-,Sofía Castro,sofia.castro@empresa.uvw,0456-7890,Sociedad Anónima,"75.137,00",18/11/2022,501400,Rawson,Argentina,
P00123,Sofía Castro,27-87654321-0,Energía Eólica,Monotributista,-,Sofía Castro,sofia.castro@empresa.uvw,0456-7890,Sociedad Anónima,"85.257,00",25/09/2022,501400,Rawson,Argentina,
P00123,Sofía Castro,27-87654321-0,Energía Eólica,Monotributista,-,Sofía Castro,sofia.castro@empresa.uvw,0456-7890,Sociedad Anónima,"91.564,00",25/10/2022,501400,Rawson,Argentina,
P00124,Ricardo López,23-98765432-4,Construcción,IVA Responsable,-,Ricardo López,ricardo.lopez@empresa.xyz,0567-8901,S.R.L.,"88.564,00",11/01/2020,516000,Oberá,Argentina,
P00124,Ricardo López,23-98765432-4,Construcción,IVA Responsable,-,Ricardo López,ricardo.lopez@empresa.xyz,0567-8901,S.R.L.,"109.710,00",10/04/2020,516000,Oberá,Argentina,
P00124,Ricardo López,23-98765432-4,Construcción,IVA Responsable,-,Ricardo López,ricardo.lopez@empresa.xyz,0567-8901,S.R.L.,"129.304,00",10/07/2020,516000,Oberá,Argentina,
P00124,Ricardo López,23-98765432-4,Construcción,IVA Responsable,-,Ricardo López,ricardo.lopez@empresa.xyz,0567-8901,S.R.L.,"233.659,00",1/12/2020,516000,Oberá,Argentina,
P00124,Ricardo López,23-98765432-4,Construcción,IVA Responsable,-,Ricardo López,ricardo.lopez@empresa.xyz,0567-8901,S.R.L.,"30.337,00",28/01/2021,516000,Oberá,Argentina,
P00124,Ricardo López,23-98765432-4,Construcción,IVA Responsable,-,Ricardo López,ricardo.lopez@empresa.xyz,0567-8901,S.R.L.,"246.839,00",28/09/2022,516000,Oberá,Argentina,
P00125,Gabriela Martínez,33-12345678-9,Agroindustria,Monotributista,-,Gabriela Martínez,gabriela.martinez@empresa.abc,0678-9012,Cooperativa,"22.903,00",14/01/2020,507100,Calafate,Argentina,
P00125,Gabriela Martínez,33-12345678-9,Agroindustria,Monotributista,-,Gabriela Martínez,gabriela.martinez@empresa.abc,0678-9012,Cooperativa,"247.663,00",13/04/2020,507100,Calafate,Argentina,
P00125,Gabriela Martínez,33-12345678-9,Agroindustria,Monotributista,-,Gabriela Martínez,gabriela.martinez@empresa.abc,0678-9012,Cooperativa,"90.516,00",13/07/2020,507100,Calafate,Argentina,
P00125,Gabriela Martínez,33-12345678-9,Agroindustria,Monotributista,-,Gabriela Martínez,gabriela.martinez@empresa.abc,0678-9012,Cooperativa,"139.242,00",4/12/2020,507100,Calafate,Argentina,
P00125,Gabriela Martínez,33-12345678-9,Agroindustria,Monotributista,-,Gabriela Martínez,gabriela.martinez@empresa.abc,0678-9012,Cooperativa,"88.185,00",1/02/2021,507100,Calafate,Argentina,
P00125,Gabriela Martínez,33-12345678-9,Agroindustria,Monotributista,-,Gabriela Martínez,gabriela.martinez@empresa.abc,0678-9012,Cooperativa,"244.816,00",1/10/2022,507100,Calafate,Argentina,
P00126,Pablo Vargas,20-23456789-1,Tecnología,IVA Responsable,-,Pablo Vargas,pablo.vargas@empresa.def,0789-0123,S.A.,"74.389,00",17/01/2020,509100,Gualeguaychú,Argentina,
P00126,Pablo Vargas,20-23456789-1,Tecnología,IVA Responsable,-,Pablo Vargas,pablo.vargas@empresa.def,0789-0123,S.A.,"117.043,00",16/04/2020,509100,Gualeguaychú,Argentina,
P00126,Pablo Vargas,20-23456789-1,Tecnología,IVA Responsable,-,Pablo Vargas,pablo.vargas@empresa.def,0789-0123,S.A.,"97.376,00",16/07/2020,509100,Gualeguaychú,Argentina,
P00126,Pablo Vargas,20-23456789-1,Tecnología,IVA Responsable,-,Pablo Vargas,pablo.vargas@empresa.def,0789-0123,S.A.,"231.968,00",7/12/2020,509100,Gualeguaychú,Argentina,
P00126,Pablo Vargas,20-23456789-1,Tecnología,IVA Responsable,-,Pablo Vargas,pablo.vargas@empresa.def,0789-0123,S.A.,"146.818,00",4/02/2021,509100,Gualeguaychú,Argentina,
P00126,Pablo Vargas,20-23456789-1,Tecnología,IVA Responsable,-,Pablo Vargas,pablo.vargas@empresa.def,0789-0123,S.A.,"14.222,00",4/10/2022,509100,Gualeguaychú,Argentina,
P00127,Laura Fernández,30-34567890-3,Energía Solar,Monotributista,-,Laura Fernández,laura.fernandez@empresa.ghi,0890-1234,S.R.L.,"37.706,00",20/01/2020,501400,Río Grande,Argentina,
P00127,Laura Fernández,30-34567890-3,Energía Solar,Monotributista,-,Laura Fernández,laura.fernandez@empresa.ghi,0890-1234,S.R.L.,"11.442,00",19/04/2020,501400,Río Grande,Argentina,
P00127,Laura Fernández,30-34567890-3,Energía Solar,Monotributista,-,Laura Fernández,laura.fernandez@empresa.ghi,0890-1234,S.R.L.,"179.093,00",19/07/2020,501400,Río Grande,Argentina,
P00127,Laura Fernández,30-34567890-3,Energía Solar,Monotributista,-,Laura Fernández,laura.fernandez@empresa.ghi,0890-1234,S.R.L.,"173.998,00",10/12/2020,501400,Río Grande,Argentina,
P00127,Laura Fernández,30-34567890-3,Energía Solar,Monotributista,-,Laura Fernández,laura.fernandez@empresa.ghi,0890-1234,S.R.L.,"283.665,00",7/02/2021,501400,Río Grande,Argentina,
P00127,Laura Fernández,30-34567890-3,Energía Solar,Monotributista,-,Laura Fernández,laura.fernandez@empresa.ghi,0890-1234,S.R.L.,"212.134,00",7/10/2022,501400,Río Grande,Argentina,
P00128,Javier González,27-98765432-5,Transporte,IVA Responsable,-,Javier González,javier.gonzalez@empresa.jkl,0912-3456,Sociedad Anónima,"198.341,00",23/01/2020,502100,Buenos Aires,Argentina,
P00128,Javier González,27-98765432-5,Transporte,IVA Responsable,-,Javier González,javier.gonzalez@empresa.jkl,0912-3456,Sociedad Anónima,"10.587,00",22/04/2020,502100,Buenos Aires,Argentina,
P00128,Javier González,27-98765432-5,Transporte,IVA Responsable,-,Javier González,javier.gonzalez@empresa.jkl,0912-3456,Sociedad Anónima,"179.746,00",22/07/2020,502100,Buenos Aires,Argentina,
P00128,Javier González,27-98765432-5,Transporte,IVA Responsable,-,Javier González,javier.gonzalez@empresa.jkl,0912-3456,Sociedad Anónima,"83.142,00",13/12/2020,502100,Buenos Aires,Argentina,
P00128,Javier González,27-98765432-5,Transporte,IVA Responsable,-,Javier González,javier.gonzalez@empresa.jkl,0912-3456,Sociedad Anónima,"59.591,00",10/02/2021,502100,Buenos Aires,Argentina,
P00128,Javier González,27-98765432-5,Transporte,IVA Responsable,-,Javier González,javier.gonzalez@empresa.jkl,0912-3456,Sociedad Anónima,"280.267,00",10/10/2022,502100,Buenos Aires,Argentina,
P00129,Patricia Rivas,23-45678901-7,Construcción,Monotributista,-,Patricia Rivas,patricia.rivas@empresa.mno,0123-4567,S.R.L.,"237.422,00",26/01/2020,516000,Villa Carlos Paz,Argentina,
P00129,Patricia Rivas,23-45678901-7,Construcción,Monotributista,-,Patricia Rivas,patricia.rivas@empresa.mno,0123-4567,S.R.L.,"13.020,00",25/04/2020,516000,Villa Carlos Paz,Argentina,
P00129,Patricia Rivas,23-45678901-7,Construcción,Monotributista,-,Patricia Rivas,patricia.rivas@empresa.mno,0123-4567,S.R.L.,"94.240,00",25/07/2020,516000,Villa Carlos Paz,Argentina,
P00129,Patricia Rivas,23-45678901-7,Construcción,Monotributista,-,Patricia Rivas,patricia.rivas@empresa.mno,0123-4567,S.R.L.,"64.138,00",16/12/2020,516000,Villa Carlos Paz,Argentina,
P00129,Patricia Rivas,23-45678901-7,Construcción,Monotributista,-,Patricia Rivas,patricia.rivas@empresa.mno,0123-4567,S.R.L.,"209.335,00",13/02/2021,516000,Villa Carlos Paz,Argentina,
P00129,Patricia Rivas,23-45678901-7,Construcción,Monotributista,-,Patricia Rivas,patricia.rivas@empresa.mno,0123-4567,S.R.L.,"211.622,00",13/10/2022,516000,Villa Carlos Paz,Argentina,
P00130,Fernando Reyes,33-56789012-6,Agroindustria,IVA Responsable,-,Fernando Reyes,fernando.reyes@empresa.pqr,0345-6789,Cooperativa,"79.707,00",29/01/2020,507100,Villa Allende,Argentina,
P00130,Fernando Reyes,33-56789012-6,Agroindustria,IVA Responsable,-,Fernando Reyes,fernando.reyes@empresa.pqr,0345-6789,Cooperativa,"217.800,00",28/04/2020,507100,Villa Allende,Argentina,
P00130,Fernando Reyes,33-56789012-6,Agroindustria,IVA Responsable,-,Fernando Reyes,fernando.reyes@empresa.pqr,0345-6789,Cooperativa,"26.298,00",28/07/2020,507100,Villa Allende,Argentina,
P00130,Fernando Reyes,33-56789012-6,Agroindustria,IVA Responsable,-,Fernando Reyes,fernando.reyes@empresa.pqr,0345-6789,Cooperativa,"147.083,00",19/12/2020,507100,Villa Allende,Argentina,
P00130,Fernando Reyes,33-56789012-6,Agroindustria,IVA Responsable,-,Fernando Reyes,fernando.reyes@empresa.pqr,0345-6789,Cooperativa,"241.869,00",16/02/2021,507100,Villa Allende,Argentina,
P00130,Fernando Reyes,33-56789012-6,Agroindustria,IVA Responsable,-,Fernando Reyes,fernando.reyes@empresa.pqr,0345-6789,Cooperativa,"140.463,00",16/10/2022,507100,Villa Allende,Argentina,
P00131,Valentina Ortega,20-87654321-2,Consultoría,Monotributista,-,Valentina Ortega,valentina.ortega@empresa.stu,0456-7890,S.R.L.,"12.989,00",1/02/2020,501400,San Pedro,Argentina,
P00131,Valentina Ortega,20-87654321-2,Consultoría,Monotributista,-,Valentina Ortega,valentina.ortega@empresa.stu,0456-7890,S.R.L.,"268.049,00",1/05/2020,501400,San Pedro,Argentina,
P00131,Valentina Ortega,20-87654321-2,Consultoría,Monotributista,-,Valentina Ortega,valentina.ortega@empresa.stu,0456-7890,S.R.L.,"222.635,00",1/08/2020,501400,San Pedro,Argentina,
P00131,Valentina Ortega,20-87654321-2,Consultoría,Monotributista,-,Valentina Ortega,valentina.ortega@empresa.stu,0456-7890,S.R.L.,"256.449,00",22/12/2020,501400,San Pedro,Argentina,
P00131,Valentina Ortega,20-87654321-2,Consultoría,Monotributista,-,Valentina Ortega,valentina.ortega@empresa.stu,0456-7890,S.R.L.,"141.315,00",19/02/2021,501400,San Pedro,Argentina,
P00131,Valentina Ortega,20-87654321-2,Consultoría,Monotributista,-,Valentina Ortega,valentina.ortega@empresa.stu,0456-7890,S.R.L.,"186.346,00",19/10/2022,501400,San Pedro,Argentina,
P00132,Andrés Ruiz,30-12345678-9,Tecnología,IVA Responsable,-,Andrés Ruiz,andres.ruiz@empresa.tuv,0567-8901,S.A.,"249.854,00",4/02/2020,509100,General Roca,Argentina,
P00132,Andrés Ruiz,30-12345678-9,Tecnología,IVA Responsable,-,Andrés Ruiz,andres.ruiz@empresa.tuv,0567-8901,S.A.,"229.698,00",4/05/2020,509100,General Roca,Argentina,
P00132,Andrés Ruiz,30-12345678-9,Tecnología,IVA Responsable,-,Andrés Ruiz,andres.ruiz@empresa.tuv,0567-8901,S.A.,"192.599,00",4/08/2020,509100,General Roca,Argentina,
P00132,Andrés Ruiz,30-12345678-9,Tecnología,IVA Responsable,-,Andrés Ruiz,andres.ruiz@empresa.tuv,0567-8901,S.A.,"152.846,00",25/12/2020,509100,General Roca,Argentina,
P00132,Andrés Ruiz,30-12345678-9,Tecnología,IVA Responsable,-,Andrés Ruiz,andres.ruiz@empresa.tuv,0567-8901,S.A.,"110.878,00",7/01/2021,509100,General Roca,Argentina,
P00132,Andrés Ruiz,30-12345678-9,Tecnología,IVA Responsable,-,Andrés Ruiz,andres.ruiz@empresa.tuv,0567-8901,S.A.,"48.679,00",22/09/2022,509100,General Roca,Argentina,
P00132,Andrés Ruiz,30-12345678-9,Tecnología,IVA Responsable,-,Andrés Ruiz,andres.ruiz@empresa.tuv,0567-8901,S.A.,"50.488,00",22/10/2022,509100,General Roca,Argentina,
P00133,Daniela Fernández,27-23456789-4,Energía Eólica,Monotributista,-,Daniela Fernández,daniela.fernandez@empresa.uvw,0678-9012,Sociedad Anónima,"127.726,00",7/02/2020,501400,Junín,Argentina,
P00133,Daniela Fernández,27-23456789-4,Energía Eólica,Monotributista,-,Daniela Fernández,daniela.fernandez@empresa.uvw,0678-9012,Sociedad Anónima,"102.297,00",7/05/2020,501400,Junín,Argentina,
P00133,Daniela Fernández,27-23456789-4,Energía Eólica,Monotributista,-,Daniela Fernández,daniela.fernandez@empresa.uvw,0678-9012,Sociedad Anónima,"150.974,00",7/08/2020,501400,Junín,Argentina,
P00133,Daniela Fernández,27-23456789-4,Energía Eólica,Monotributista,-,Daniela Fernández,daniela.fernandez@empresa.uvw,0678-9012,Sociedad Anónima,"256.144,00",28/12/2020,501400,Junín,Argentina,
P00133,Daniela Fernández,27-23456789-4,Energía Eólica,Monotributista,-,Daniela Fernández,daniela.fernandez@empresa.uvw,0678-9012,Sociedad Anónima,"31.099,00",10/01/2021,501400,Junín,Argentina,
P00133,Daniela Fernández,27-23456789-4,Energía Eólica,Monotributista,-,Daniela Fernández,daniela.fernandez@empresa.uvw,0678-9012,Sociedad Anónima,"194.151,00",25/09/2022,501400,Junín,Argentina,
P00133,Daniela Fernández,27-23456789-4,Energía Eólica,Monotributista,-,Daniela Fernández,daniela.fernandez@empresa.uvw,0678-9012,Sociedad Anónima,"126.804,00",25/10/2022,501400,Junín,Argentina,
P00134,Luis Gómez,23-34567890-7,Construcción,IVA Responsable,-,Luis Gómez,luis.gomez@empresa.xyz,0789-0123,S.R.L.,"243.396,00",10/02/2020,516000,Buenos Aires,Argentina,
P00134,Luis Gómez,23-34567890-7,Construcción,IVA Responsable,-,Luis Gómez,luis.gomez@empresa.xyz,0789-0123,S.R.L.,"24.358,00",10/05/2020,516000,Buenos Aires,Argentina,
P00134,Luis Gómez,23-34567890-7,Construcción,IVA Responsable,-,Luis Gómez,luis.gomez@empresa.xyz,0789-0123,S.R.L.,"60.625,00",10/08/2020,516000,Buenos Aires,Argentina,
P00134,Luis Gómez,23-34567890-7,Construcción,IVA Responsable,-,Luis Gómez,luis.gomez@empresa.xyz,0789-0123,S.R.L.,"161.646,00",1/10/2020,516000,Buenos Aires,Argentina,
P00134,Luis Gómez,23-34567890-7,Construcción,IVA Responsable,-,Luis Gómez,luis.gomez@empresa.xyz,0789-0123,S.R.L.,"135.225,00",1/01/2021,516000,Buenos Aires,Argentina,
P00134,Luis Gómez,23-34567890-7,Construcción,IVA Responsable,-,Luis Gómez,luis.gomez@empresa.xyz,0789-0123,S.R.L.,"249.165,00",13/01/2021,516000,Buenos Aires,Argentina,
P00134,Luis Gómez,23-34567890-7,Construcción,IVA Responsable,-,Luis Gómez,luis.gomez@empresa.xyz,0789-0123,S.R.L.,"219.837,00",28/09/2022,516000,Buenos Aires,Argentina,
P00134,Luis Gómez,23-34567890-7,Construcción,IVA Responsable,-,Luis Gómez,luis.gomez@empresa.xyz,0789-0123,S.R.L.,"173.152,00",28/01/2021,516000,Buenos Aires,Argentina,
P00135,Marcela Jiménez,33-45678901-8,Agroindustria,Monotributista,-,Marcela Jiménez,marcela.jimenez@empresa.abc,0890-1234,Cooperativa,"46.325,00",13/02/2020,507100,Rafaela,Argentina,
P00135,Marcela Jiménez,33-45678901-8,Agroindustria,Monotributista,-,Marcela Jiménez,marcela.jimenez@empresa.abc,0890-1234,Cooperativa,"165.797,00",13/05/2020,507100,Rafaela,Argentina,
P00135,Marcela Jiménez,33-45678901-8,Agroindustria,Monotributista,-,Marcela Jiménez,marcela.jimenez@empresa.abc,0890-1234,Cooperativa,"294.815,00",13/08/2020,507100,Rafaela,Argentina,
P00135,Marcela Jiménez,33-45678901-8,Agroindustria,Monotributista,-,Marcela Jiménez,marcela.jimenez@empresa.abc,0890-1234,Cooperativa,"57.988,00",4/10/2020,507100,Rafaela,Argentina,
P00135,Marcela Jiménez,33-45678901-8,Agroindustria,Monotributista,-,Marcela Jiménez,marcela.jimenez@empresa.abc,0890-1234,Cooperativa,"89.516,00",4/01/2021,507100,Rafaela,Argentina,
P00135,Marcela Jiménez,33-45678901-8,Agroindustria,Monotributista,-,Marcela Jiménez,marcela.jimenez@empresa.abc,0890-1234,Cooperativa,"281.214,00",16/01/2021,507100,Rafaela,Argentina,
P00135,Marcela Jiménez,33-45678901-8,Agroindustria,Monotributista,-,Marcela Jiménez,marcela.jimenez@empresa.abc,0890-1234,Cooperativa,"225.311,00",1/10/2022,507100,Rafaela,Argentina,
P00135,Marcela Jiménez,33-45678901-8,Agroindustria,Monotributista,-,Marcela Jiménez,marcela.jimenez@empresa.abc,0890-1234,Cooperativa,"170.553,00",1/02/2021,507100,Rafaela,Argentina,
P00136,Roberto Díaz,20-56789012-3,Tecnología,IVA Responsable,-,Roberto Díaz,roberto.diaz@empresa.def,0912-3456,S.A.,"220.987,00",16/02/2020,509100,Rio Gallegos,Argentina,
P00136,Roberto Díaz,20-56789012-3,Tecnología,IVA Responsable,-,Roberto Díaz,roberto.diaz@empresa.def,0912-3456,S.A.,"260.964,00",16/05/2020,509100,Rio Gallegos,Argentina,
P00136,Roberto Díaz,20-56789012-3,Tecnología,IVA Responsable,-,Roberto Díaz,roberto.diaz@empresa.def,0912-3456,S.A.,"45.468,00",16/08/2020,509100,Rio Gallegos,Argentina,
P00136,Roberto Díaz,20-56789012-3,Tecnología,IVA Responsable,-,Roberto Díaz,roberto.diaz@empresa.def,0912-3456,S.A.,"135.113,00",7/10/2020,509100,Rio Gallegos,Argentina,
P00136,Roberto Díaz,20-56789012-3,Tecnología,IVA Responsable,-,Roberto Díaz,roberto.diaz@empresa.def,0912-3456,S.A.,"148.154,00",19/01/2021,509100,Rio Gallegos,Argentina,
P00136,Roberto Díaz,20-56789012-3,Tecnología,IVA Responsable,-,Roberto Díaz,roberto.diaz@empresa.def,0912-3456,S.A.,"247.527,00",4/10/2022,509100,Rio Gallegos,Argentina,
P00136,Roberto Díaz,20-56789012-3,Tecnología,IVA Responsable,-,Roberto Díaz,roberto.diaz@empresa.def,0912-3456,S.A.,"212.736,00",4/02/2021,509100,Rio Gallegos,Argentina,
P00137,Camila Martínez,30-67890123-4,Energía Solar,Monotributista,-,Camila Martínez,camila.martinez@empresa.ghi,0123-4567,S.R.L.,"221.445,00",19/02/2020,501400,Buenos Aires,Argentina,
P00137,Camila Martínez,30-67890123-4,Energía Solar,Monotributista,-,Camila Martínez,camila.martinez@empresa.ghi,0123-4567,S.R.L.,"228.513,00",19/05/2020,501400,Buenos Aires,Argentina,
P00137,Camila Martínez,30-67890123-4,Energía Solar,Monotributista,-,Camila Martínez,camila.martinez@empresa.ghi,0123-4567,S.R.L.,"247.726,00",19/08/2020,501400,Buenos Aires,Argentina,
P00137,Camila Martínez,30-67890123-4,Energía Solar,Monotributista,-,Camila Martínez,camila.martinez@empresa.ghi,0123-4567,S.R.L.,"295.302,00",10/10/2020,501400,Buenos Aires,Argentina,
P00137,Camila Martínez,30-67890123-4,Energía Solar,Monotributista,-,Camila Martínez,camila.martinez@empresa.ghi,0123-4567,S.R.L.,"217.867,00",22/01/2021,501400,Buenos Aires,Argentina,
P00137,Camila Martínez,30-67890123-4,Energía Solar,Monotributista,-,Camila Martínez,camila.martinez@empresa.ghi,0123-4567,S.R.L.,"223.875,00",7/10/2022,501400,Buenos Aires,Argentina,
P00137,Camila Martínez,30-67890123-4,Energía Solar,Monotributista,-,Camila Martínez,camila.martinez@empresa.ghi,0123-4567,S.R.L.,"151.708,00",7/02/2021,501400,Buenos Aires,Argentina,
P00138,Santiago López,27-78901234-6,Transporte,IVA Responsable,-,Santiago López,santiago.lopez@empresa.jkl,0345-6789,Sociedad Anónima,"94.895,00",22/02/2020,502100,Mendoza,Argentina,
P00138,Santiago López,27-78901234-6,Transporte,IVA Responsable,-,Santiago López,santiago.lopez@empresa.jkl,0345-6789,Sociedad Anónima,"91.564,00",22/05/2020,502100,Mendoza,Argentina,
P00138,Santiago López,27-78901234-6,Transporte,IVA Responsable,-,Santiago López,santiago.lopez@empresa.jkl,0345-6789,Sociedad Anónima,"175.561,00",22/08/2020,502100,Mendoza,Argentina,
P00138,Santiago López,27-78901234-6,Transporte,IVA Responsable,-,Santiago López,santiago.lopez@empresa.jkl,0345-6789,Sociedad Anónima,"73.794,00",13/10/2020,502100,Mendoza,Argentina,
P00138,Santiago López,27-78901234-6,Transporte,IVA Responsable,-,Santiago López,santiago.lopez@empresa.jkl,0345-6789,Sociedad Anónima,"73.794,00",25/01/2021,502100,Mendoza,Argentina,
P00138,Santiago López,27-78901234-6,Transporte,IVA Responsable,-,Santiago López,santiago.lopez@empresa.jkl,0345-6789,Sociedad Anónima,"148.032,00",10/10/2022,502100,Mendoza,Argentina,
P00138,Santiago López,27-78901234-6,Transporte,IVA Responsable,-,Santiago López,santiago.lopez@empresa.jkl,0345-6789,Sociedad Anónima,"279.688,00",10/02/2021,502100,Mendoza,Argentina,
P00139,Fernanda García,23-89012345-9,Construcción,Monotributista,-,Fernanda García,fernanda.garcia@empresa.mno,0456-7890,S.R.L.,"139.765,00",25/02/2020,516000,Cordoba,Argentina,
P00139,Fernanda García,23-89012345-9,Construcción,Monotributista,-,Fernanda García,fernanda.garcia@empresa.mno,0456-7890,S.R.L.,"143.944,00",25/05/2020,516000,Cordoba,Argentina,
P00139,Fernanda García,23-89012345-9,Construcción,Monotributista,-,Fernanda García,fernanda.garcia@empresa.mno,0456-7890,S.R.L.,"158.384,00",25/08/2020,516000,Cordoba,Argentina,
P00139,Fernanda García,23-89012345-9,Construcción,Monotributista,-,Fernanda García,fernanda.garcia@empresa.mno,0456-7890,S.R.L.,"106.432,00",16/10/2020,516000,Cordoba,Argentina,
P00139,Fernanda García,23-89012345-9,Construcción,Monotributista,-,Fernanda García,fernanda.garcia@empresa.mno,0456-7890,S.R.L.,"106.432,00",28/01/2021,516000,Cordoba,Argentina,
P00139,Fernanda García,23-89012345-9,Construcción,Monotributista,-,Fernanda García,fernanda.garcia@empresa.mno,0456-7890,S.R.L.,"42.668,00",13/10/2022,516000,Cordoba,Argentina,
P00139,Fernanda García,23-89012345-9,Construcción,Monotributista,-,Fernanda García,fernanda.garcia@empresa.mno,0456-7890,S.R.L.,"72.059,00",13/02/2021,516000,Cordoba,Argentina,
P00140,Nicolás Castillo,33-90123456-0,Agroindustria,IVA Responsable,-,Nicolás Castillo,nicolas.castillo@empresa.pqr,0567-8901,Cooperativa,"248.599,00",28/02/2020,507100,Rosario,Argentina,
P00140,Nicolás Castillo,33-90123456-0,Agroindustria,IVA Responsable,-,Nicolás Castillo,nicolas.castillo@empresa.pqr,0567-8901,Cooperativa,"159.738,00",28/05/2020,507100,Rosario,Argentina,
P00140,Nicolás Castillo,33-90123456-0,Agroindustria,IVA Responsable,-,Nicolás Castillo,nicolas.castillo@empresa.pqr,0567-8901,Cooperativa,"122.240,00",28/08/2020,507100,Rosario,Argentina,
P00140,Nicolás Castillo,33-90123456-0,Agroindustria,IVA Responsable,-,Nicolás Castillo,nicolas.castillo@empresa.pqr,0567-8901,Cooperativa,"90.675,00",19/10/2020,507100,Rosario,Argentina,
P00140,Nicolás Castillo,33-90123456-0,Agroindustria,IVA Responsable,-,Nicolás Castillo,nicolas.castillo@empresa.pqr,0567-8901,Cooperativa,"90.675,00",1/02/2021,507100,Rosario,Argentina,
P00140,Nicolás Castillo,33-90123456-0,Agroindustria,IVA Responsable,-,Nicolás Castillo,nicolas.castillo@empresa.pqr,0567-8901,Cooperativa,"81.679,00",16/10/2022,507100,Rosario,Argentina,
P00140,Nicolás Castillo,33-90123456-0,Agroindustria,IVA Responsable,-,Nicolás Castillo,nicolas.castillo@empresa.pqr,0567-8901,Cooperativa,"117.043,00",16/02/2021,507100,Rosario,Argentina,
P00141,Juliana Pérez,20-01234567-4,Consultoría,Monotributista,-,Juliana Pérez,juliana.perez@empresa.stu,0678-9012,S.R.L.,"130.696,00",2/03/2020,501400,San Juan,Argentina,
P00141,Juliana Pérez,20-01234567-4,Consultoría,Monotributista,-,Juliana Pérez,juliana.perez@empresa.stu,0678-9012,S.R.L.,"207.725,00",1/06/2020,501400,San Juan,Argentina,
P00141,Juliana Pérez,20-01234567-4,Consultoría,Monotributista,-,Juliana Pérez,juliana.perez@empresa.stu,0678-9012,S.R.L.,"121.055,00",1/09/2020,501400,San Juan,Argentina,
P00141,Juliana Pérez,20-01234567-4,Consultoría,Monotributista,-,Juliana Pérez,juliana.perez@empresa.stu,0678-9012,S.R.L.,"252.093,00",22/10/2020,501400,San Juan,Argentina,
P00141,Juliana Pérez,20-01234567-4,Consultoría,Monotributista,-,Juliana Pérez,juliana.perez@empresa.stu,0678-9012,S.R.L.,"252.093,00",4/02/2021,501400,San Juan,Argentina,
P00141,Juliana Pérez,20-01234567-4,Consultoría,Monotributista,-,Juliana Pérez,juliana.perez@empresa.stu,0678-9012,S.R.L.,"280.320,00",19/10/2022,501400,San Juan,Argentina,
P00141,Juliana Pérez,20-01234567-4,Consultoría,Monotributista,-,Juliana Pérez,juliana.perez@empresa.stu,0678-9012,S.R.L.,"11.442,00",19/02/2021,501400,San Juan,Argentina,
P00142,Diego Fernández,30-12345678-5,Tecnología,IVA Responsable,-,Diego Fernández,diego.fernandez@empresa.uvw,0789-0123,S.A.,"88.206,00",5/03/2020,509100,San Rafael,Argentina,
P00142,Diego Fernández,30-12345678-5,Tecnología,IVA Responsable,-,Diego Fernández,diego.fernandez@empresa.uvw,0789-0123,S.A.,"103.821,00",4/06/2020,509100,San Rafael,Argentina,
P00142,Diego Fernández,30-12345678-5,Tecnología,IVA Responsable,-,Diego Fernández,diego.fernandez@empresa.uvw,0789-0123,S.A.,"52.184,00",4/09/2020,509100,San Rafael,Argentina,
P00142,Diego Fernández,30-12345678-5,Tecnología,IVA Responsable,-,Diego Fernández,diego.fernandez@empresa.uvw,0789-0123,S.A.,"85.168,00",25/10/2020,509100,San Rafael,Argentina,
P00142,Diego Fernández,30-12345678-5,Tecnología,IVA Responsable,-,Diego Fernández,diego.fernandez@empresa.uvw,0789-0123,S.A.,"85.168,00",7/02/2021,509100,San Rafael,Argentina,
P00142,Diego Fernández,30-12345678-5,Tecnología,IVA Responsable,-,Diego Fernández,diego.fernandez@empresa.uvw,0789-0123,S.A.,"34.695,00",22/10/2022,509100,San Rafael,Argentina,
P00142,Diego Fernández,30-12345678-5,Tecnología,IVA Responsable,-,Diego Fernández,diego.fernandez@empresa.uvw,0789-0123,S.A.,"10.587,00",22/09/2022,509100,San Rafael,Argentina,
P00143,Mariana Gómez,27-23456789-6,Energía Eólica,Monotributista,-,Mariana Gómez,mariana.gomez@empresa.xyz,0890-1234,Sociedad Anónima,"255.727,00",8/03/2020,501400,Posadas,Argentina,
P00143,Mariana Gómez,27-23456789-6,Energía Eólica,Monotributista,-,Mariana Gómez,mariana.gomez@empresa.xyz,0890-1234,Sociedad Anónima,"253.296,00",7/06/2020,501400,Posadas,Argentina,
P00143,Mariana Gómez,27-23456789-6,Energía Eólica,Monotributista,-,Mariana Gómez,mariana.gomez@empresa.xyz,0890-1234,Sociedad Anónima,"200.021,00",7/09/2020,501400,Posadas,Argentina,
P00143,Mariana Gómez,27-23456789-6,Energía Eólica,Monotributista,-,Mariana Gómez,mariana.gomez@empresa.xyz,0890-1234,Sociedad Anónima,"278.387,00",28/10/2020,501400,Posadas,Argentina,
P00143,Mariana Gómez,27-23456789-6,Energía Eólica,Monotributista,-,Mariana Gómez,mariana.gomez@empresa.xyz,0890-1234,Sociedad Anónima,"278.387,00",10/02/2021,501400,Posadas,Argentina,
P00143,Mariana Gómez,27-23456789-6,Energía Eólica,Monotributista,-,Mariana Gómez,mariana.gomez@empresa.xyz,0890-1234,Sociedad Anónima,"82.635,00",25/10/2022,501400,Posadas,Argentina,
P00143,Mariana Gómez,27-23456789-6,Energía Eólica,Monotributista,-,Mariana Gómez,mariana.gomez@empresa.xyz,0890-1234,Sociedad Anónima,"13.020,00",25/09/2022,501400,Posadas,Argentina,
P00144,Manuel Rodríguez,23-34567890-1,Construcción,IVA Responsable,-,Manuel Rodríguez,manuel.rodriguez@empresa.def,0912-3456,S.R.L.,"295.728,00",11/03/2020,516000,Bahía Blanca,Argentina,
P00144,Manuel Rodríguez,23-34567890-1,Construcción,IVA Responsable,-,Manuel Rodríguez,manuel.rodriguez@empresa.def,0912-3456,S.R.L.,"201.749,00",10/06/2020,516000,Bahía Blanca,Argentina,
P00144,Manuel Rodríguez,23-34567890-1,Construcción,IVA Responsable,-,Manuel Rodríguez,manuel.rodriguez@empresa.def,0912-3456,S.R.L.,"269.410,00",10/09/2020,516000,Bahía Blanca,Argentina,
P00144,Manuel Rodríguez,23-34567890-1,Construcción,IVA Responsable,-,Manuel Rodríguez,manuel.rodriguez@empresa.def,0912-3456,S.R.L.,"156.276,00",1/11/2020,516000,Bahía Blanca,Argentina,
P00144,Manuel Rodríguez,23-34567890-1,Construcción,IVA Responsable,-,Manuel Rodríguez,manuel.rodriguez@empresa.def,0912-3456,S.R.L.,"156.276,00",13/02/2021,516000,Bahía Blanca,Argentina,
P00144,Manuel Rodríguez,23-34567890-1,Construcción,IVA Responsable,-,Manuel Rodríguez,manuel.rodriguez@empresa.def,0912-3456,S.R.L.,"124.428,00",28/01/2021,516000,Bahía Blanca,Argentina,
P00144,Manuel Rodríguez,23-34567890-1,Construcción,IVA Responsable,-,Manuel Rodríguez,manuel.rodriguez@empresa.def,0912-3456,S.R.L.,"217.800,00",28/09/2022,516000,Bahía Blanca,Argentina,
P00145,Clara Jiménez,33-45678901-2,Agroindustria,Monotributista,-,Clara Jiménez,clara.jimenez@empresa.ghi,0123-6789,Cooperativa,"59.893,00",14/03/2020,507100,Resistencia,Argentina,
P00145,Clara Jiménez,33-45678901-2,Agroindustria,Monotributista,-,Clara Jiménez,clara.jimenez@empresa.ghi,0123-6789,Cooperativa,"43.682,00",13/06/2020,507100,Resistencia,Argentina,
P00145,Clara Jiménez,33-45678901-2,Agroindustria,Monotributista,-,Clara Jiménez,clara.jimenez@empresa.ghi,0123-6789,Cooperativa,"228.649,00",13/09/2020,507100,Resistencia,Argentina,
P00145,Clara Jiménez,33-45678901-2,Agroindustria,Monotributista,-,Clara Jiménez,clara.jimenez@empresa.ghi,0123-6789,Cooperativa,"28.845,00",4/11/2020,507100,Resistencia,Argentina,
P00145,Clara Jiménez,33-45678901-2,Agroindustria,Monotributista,-,Clara Jiménez,clara.jimenez@empresa.ghi,0123-6789,Cooperativa,"28.845,00",16/02/2021,507100,Resistencia,Argentina,
P00145,Clara Jiménez,33-45678901-2,Agroindustria,Monotributista,-,Clara Jiménez,clara.jimenez@empresa.ghi,0123-6789,Cooperativa,"61.059,00",1/02/2021,507100,Resistencia,Argentina,
P00145,Clara Jiménez,33-45678901-2,Agroindustria,Monotributista,-,Clara Jiménez,clara.jimenez@empresa.ghi,0123-6789,Cooperativa,"268.049,00",1/10/2022,507100,Resistencia,Argentina,
P00146,Eduardo Reyes,20-56789012-5,Tecnología,IVA Responsable,-,Eduardo Reyes,eduardo.reyes@empresa.jkl,0345-6789,S.A.,"44.782,00",17/03/2020,509100,Formosa,Argentina,
P00146,Eduardo Reyes,20-56789012-5,Tecnología,IVA Responsable,-,Eduardo Reyes,eduardo.reyes@empresa.jkl,0345-6789,S.A.,"36.878,00",16/06/2020,509100,Formosa,Argentina,
P00146,Eduardo Reyes,20-56789012-5,Tecnología,IVA Responsable,-,Eduardo Reyes,eduardo.reyes@empresa.jkl,0345-6789,S.A.,"47.698,00",16/09/2020,509100,Formosa,Argentina,
P00146,Eduardo Reyes,20-56789012-5,Tecnología,IVA Responsable,-,Eduardo Reyes,eduardo.reyes@empresa.jkl,0345-6789,S.A.,"298.913,00",7/11/2020,509100,Formosa,Argentina,
P00146,Eduardo Reyes,20-56789012-5,Tecnología,IVA Responsable,-,Eduardo Reyes,eduardo.reyes@empresa.jkl,0345-6789,S.A.,"11.442,00",19/02/2021,509100,Formosa,Argentina,
P00146,Eduardo Reyes,20-56789012-5,Tecnología,IVA Responsable,-,Eduardo Reyes,eduardo.reyes@empresa.jkl,0345-6789,S.A.,"183.119,00",4/02/2021,509100,Formosa,Argentina,
P00146,Eduardo Reyes,20-56789012-5,Tecnología,IVA Responsable,-,Eduardo Reyes,eduardo.reyes@empresa.jkl,0345-6789,S.A.,"229.698,00",4/10/2022,509100,Formosa,Argentina,
P00147,Laura Castillo,30-67890123-6,Energía Solar,Monotributista,-,Laura Castillo,laura.castillo@empresa.mno,0456-7890,S.R.L.,"195.892,00",20/03/2020,501400,Santiago del Estero,Argentina,
P00147,Laura Castillo,30-67890123-6,Energía Solar,Monotributista,-,Laura Castillo,laura.castillo@empresa.mno,0456-7890,S.R.L.,"113.452,00",19/06/2020,501400,Santiago del Estero,Argentina,
P00147,Laura Castillo,30-67890123-6,Energía Solar,Monotributista,-,Laura Castillo,laura.castillo@empresa.mno,0456-7890,S.R.L.,"20.782,00",19/09/2020,501400,Santiago del Estero,Argentina,
P00147,Laura Castillo,30-67890123-6,Energía Solar,Monotributista,-,Laura Castillo,laura.castillo@empresa.mno,0456-7890,S.R.L.,"10.509,00",10/11/2020,501400,Santiago del Estero,Argentina,
P00147,Laura Castillo,30-67890123-6,Energía Solar,Monotributista,-,Laura Castillo,laura.castillo@empresa.mno,0456-7890,S.R.L.,"10.587,00",22/02/2021,501400,Santiago del Estero,Argentina,
P00147,Laura Castillo,30-67890123-6,Energía Solar,Monotributista,-,Laura Castillo,laura.castillo@empresa.mno,0456-7890,S.R.L.,"202.693,00",7/02/2021,501400,Santiago del Estero,Argentina,
P00147,Laura Castillo,30-67890123-6,Energía Solar,Monotributista,-,Laura Castillo,laura.castillo@empresa.mno,0456-7890,S.R.L.,"102.297,00",7/10/2022,501400,Santiago del Estero,Argentina,
P00148,Alejandro Rivas,27-78901234-9,Transporte,IVA Responsable,-,Alejandro Rivas,alejandro.rivas@empresa.pqr,0567-8901,Sociedad Anónima,"108.357,00",23/03/2020,502100,Río Cuarto,Argentina,
P00148,Alejandro Rivas,27-78901234-9,Transporte,IVA Responsable,-,Alejandro Rivas,alejandro.rivas@empresa.pqr,0567-8901,Sociedad Anónima,"280.161,00",22/06/2020,502100,Río Cuarto,Argentina,
P00148,Alejandro Rivas,27-78901234-9,Transporte,IVA Responsable,-,Alejandro Rivas,alejandro.rivas@empresa.pqr,0567-8901,Sociedad Anónima,"138.216,00",22/09/2020,502100,Río Cuarto,Argentina,
P00148,Alejandro Rivas,27-78901234-9,Transporte,IVA Responsable,-,Alejandro Rivas,alejandro.rivas@empresa.pqr,0567-8901,Sociedad Anónima,"239.084,00",13/11/2020,502100,Río Cuarto,Argentina,
P00148,Alejandro Rivas,27-78901234-9,Transporte,IVA Responsable,-,Alejandro Rivas,alejandro.rivas@empresa.pqr,0567-8901,Sociedad Anónima,"13.020,00",25/02/2021,502100,Río Cuarto,Argentina,
P00148,Alejandro Rivas,27-78901234-9,Transporte,IVA Responsable,-,Alejandro Rivas,alejandro.rivas@empresa.pqr,0567-8901,Sociedad Anónima,"26.156,00",10/02/2021,502100,Río Cuarto,Argentina,
P00148,Alejandro Rivas,27-78901234-9,Transporte,IVA Responsable,-,Alejandro Rivas,alejandro.rivas@empresa.pqr,0567-8901,Sociedad Anónima,"24.358,00",10/10/2022,502100,Río Cuarto,Argentina,
P00149,Verónica Martínez,23-89012346-2,Construcción,Monotributista,-,Verónica Martínez,veronica.martinez@empresa.stu,0678-9012,S.R.L.,"221.537,00",26/03/2020,516000,Buenos Aires,Argentina,
P00149,Verónica Martínez,23-89012346-2,Construcción,Monotributista,-,Verónica Martínez,veronica.martinez@empresa.stu,0678-9012,S.R.L.,"164.567,00",25/06/2020,516000,Buenos Aires,Argentina,
P00149,Verónica Martínez,23-89012346-2,Construcción,Monotributista,-,Verónica Martínez,veronica.martinez@empresa.stu,0678-9012,S.R.L.,"91.071,00",25/09/2020,516000,Buenos Aires,Argentina,
P00149,Verónica Martínez,23-89012346-2,Construcción,Monotributista,-,Verónica Martínez,veronica.martinez@empresa.stu,0678-9012,S.R.L.,"98.759,00",16/11/2020,516000,Buenos Aires,Argentina,
P00149,Verónica Martínez,23-89012346-2,Construcción,Monotributista,-,Verónica Martínez,veronica.martinez@empresa.stu,0678-9012,S.R.L.,"217.800,00",28/02/2021,516000,Buenos Aires,Argentina,
P00149,Verónica Martínez,23-89012346-2,Construcción,Monotributista,-,Verónica Martínez,veronica.martinez@empresa.stu,0678-9012,S.R.L.,"295.351,00",13/02/2021,516000,Buenos Aires,Argentina,
P00149,Verónica Martínez,23-89012346-2,Construcción,Monotributista,-,Verónica Martínez,veronica.martinez@empresa.stu,0678-9012,S.R.L.,"165.797,00",13/10/2022,516000,Buenos Aires,Argentina,
P00150,Gabriel López,33-90123456-3,Agroindustria,IVA Responsable,-,Gabriel López,gabriel.lopez@empresa.uvw,0789-0123,Cooperativa,"277.194,00",29/03/2020,507100,Villa María,Argentina,
P00150,Gabriel López,33-90123456-3,Agroindustria,IVA Responsable,-,Gabriel López,gabriel.lopez@empresa.uvw,0789-0123,Cooperativa,"137.527,00",28/06/2020,507100,Villa María,Argentina,
P00150,Gabriel López,33-90123456-3,Agroindustria,IVA Responsable,-,Gabriel López,gabriel.lopez@empresa.uvw,0789-0123,Cooperativa,"157.821,00",28/09/2020,507100,Villa María,Argentina,
P00150,Gabriel López,33-90123456-3,Agroindustria,IVA Responsable,-,Gabriel López,gabriel.lopez@empresa.uvw,0789-0123,Cooperativa,"22.735,00",19/11/2020,507100,Villa María,Argentina,
P00150,Gabriel López,33-90123456-3,Agroindustria,IVA Responsable,-,Gabriel López,gabriel.lopez@empresa.uvw,0789-0123,Cooperativa,"268.049,00",1/03/2021,507100,Villa María,Argentina,
P00150,Gabriel López,33-90123456-3,Agroindustria,IVA Responsable,-,Gabriel López,gabriel.lopez@empresa.uvw,0789-0123,Cooperativa,"195.051,00",16/02/2021,507100,Villa María,Argentina,
P00150,Gabriel López,33-90123456-3,Agroindustria,IVA Responsable,-,Gabriel López,gabriel.lopez@empresa.uvw,0789-0123,Cooperativa,"260.964,00",16/10/2022,507100,Villa María,Argentina,