Numero Proveedor,Nombre Proveedor,CUIT,Categoria Proveedor,Tipo de Contribuyente,Contacto,Corre Electronico,Telefono,Razon Social,Importe,Fecha,Nro_Cuenta,Ciudad,Pais,Maps
P00001,Proveedora S.A.,30-12345678-9,Servicios,Responsable inscripto,Juan Pérez,juan.perez@empresa.com,1234-5678,S.A.,171488.0,18/03/2024,501400,Buenos Aires,Argentina,
P00002,Pedro González,30-87654321-0,Servicios,Monotributista,Pedro González,pedro.gonzalez@correo.zom,2345-6789,S.R.L.,288255.0,8/02/2024,503100,Cordoba,Argentina,
P00003,Empresa XYZ,30-13579246-3,Materiales,Responsable inscripto,María López,maria.lopez@empresa.com,3456-7890,S.A.,195975.0,18/01/2024,506100,Rosario,Argentina,
P00004,Servicios AB,30-24681357-2,Agente impositivo,Responsable inscripto,Laura Ruiz,laura.ruiz@correo.zom,4567-8901,S.R.L.,158607.0,9/03/2024,509100,Mendoza,Argentina,
P00005, Carlos Méndez,30-12345678-9,Servicios,Monotributista, Carlos Méndez,carlos.mendez@correo.com,5678-9012,S.A.,238101.0,28/03/2024,516000,Buenos Aires,Argentina,
P00005, Carlos Méndez,30-12345678-9,Servicios,Monotributista,Carlos Méndez,carlos.mendez@correo.com,5678-9012,S.A.,288617.0,14/04/2024,516000,Buenos Aires,Argentina,
P00006,Grupo Alfa,30-97531246-1,Servicios,Responsable inscripto,Alberto Fernández,alberto.fernandez@empresa.zom,6789-0123,S.R.L.,251833.0,9/01/2024,501400,San Miguel de Tucumán,Argentina,
P00007,Ana Sánchez,30-19283746-4,Servicios,Responsable inscripto,Ana Sánchez,ana.sanchez@correo.com,7890-1234,S.A.,235688.0,6/05/2024,503100,Mar del Plata,Argentina,
P00008,Compañía Beta,30-74859632-7,Agente impositivo,Monotributista,Laura Martínez,laura.martinez@empresa.zom,8901-2345,S.R.L.,110198.0,12/06/2024,506100,La Plata,Argentina,
P00008,Compañía Beta,30-74859632-7,Agente impositivo,Monotributista,Laura Martínez,laura.martinez@empresa.zom,8901-2345,S.R.L.,269252.0,21/01/2024,506100,La Plata,Argentina,
P00009,Fernando Gómez,30-12345679-8,Materiales,Responsable inscripto, Fernando Gómez,fernando.gomez@correo.zom,9012-3456,S.A.,12373.0,20/01/2024,509100,Mendoza,Argentina,
P00009,Fernando Gómez,30-12345679-8,Materiales,Responsable inscripto, Fernando Gómez,fernando.gomez@correo.zom,9012-3456,S.A.,151274.0,6/03/2024,509100,Mendoza,Argentina,
P00010,Soluciones Gama,30-98765432-1,Servicios,Responsable inscripto,Javier Martínez,javier.martinez@empresa.com,0123-4567,S.R.L.,101610.0,28/01/2024,514100,Mar del Plata,Argentina,
P00010,Soluciones Gama,30-98765432-1,Servicios,Responsable inscripto,Javier Martínez,javier.martinez@empresa.com,0123-4567,S.R.L.,273713.0,2/05/2024,514100,Mar del Plata,Argentina,
P00011,Javier López,30-65432198-7,Agente impositivo,Monotributista,Javier López,javier.lopez@correo.zom,1234-5678,S.A.,291963.0,4/06/2024,516000,Mar del Plata,Argentina,
P00012,Proveedor Ltda.,30-32165487-0,Servicios,Responsable inscripto,Natalia Gómez,natalia.gomez@empresa.com,2345-6789,S.R.L.,224379.0,9/04/2024,501400,Salta,Argentina,
P00012,Proveedor Ltda.,30-32165487-0,Servicios,Responsable inscripto,Natalia Gómez,natalia.gomez@empresa.com,2345-6789,S.R.L.,153447.0,3/06/2024,501400,Salta,Argentina,
P00013,Repuestos Omega,30-45678901-2,Servicios,Monotributista, Sergio Castro,sergio.castro@correo.zom,3456-7890,S.A.,79543.0,14/04/2024,503100,Santa Fe,Argentina,
P00013,Repuestos Omega,30-45678901-2,Servicios,Monotributista, Sergio Castro,sergio.castro@correo.zom,3456-7890,S.A.,41665.0,1/02/2024,503100,Santa Fe,Argentina,
P00014,Estudio Jurídico Alfa,30135792487,Materiales,Responsable inscripto,María Hernández,maria.hernandez@correo.com,4567-8901,S.R.L.,58494.0,15/01/2024,506100,San Juan,Argentina,
P00014,Estudio Jurídico Alfa,30135792487,Materiales,Responsable inscripto,María Hernández,maria.hernandez@correo.com,4567-8901,S.R.L.,218705.0,19/06/2024,506100,San Juan,Argentina,
P00015,Rosa Pérez,30-24681358-6,Agente impositivo,Responsable inscripto,Rosa Pérez,rosa.perez@correo.zom,5678-9012,S.A.,35574.0,24/05/2024,509100,Buenos Aires,Argentina,
P00015,Rosa Pérez,30-24681358-6,Agente impositivo,Responsable inscripto,Rosa Pérez,rosa.perez@correo.zom,5678-9012,S.A.,26434.0,19/05/2024,509100,Buenos Aires,Argentina,
P00016,Marketing Global,30-97531247-8,Servicios,Responsable inscripto,Gabriela Gómez,gabriela.gomez@empresa.com,6789-0123,S.R.L.,295412.0,9/04/2024,514100,Neuquén,Argentina,
P00016,Marketing Global,30-97531247-8,Servicios,Responsable inscripto,Gabriela Gómez,gabriela.gomez@empresa.com,6789-0123,S.R.L.,128265.0,10/04/2024,514100,Neuquén,Argentina,
P00017,Julio Fernández,30-86430976-9,Materiales,Monotributista,Julio Fernández,julio.fernandez@correo.zom,7890-1234,S.A.,136358.0,1/05/2024,516000,Rio Gallegos,Argentina,
P00017,Julio Fernández,30-86430976-9,Materiales,Monotributista,Julio Fernández,julio.fernandez@correo.zom,7890-1234,S.A.,288537.0,5/03/2024,516000,Rio Gallegos,Argentina,
P00018,Consultora Zeta,30-19283747-0,Servicios,Responsable inscripto, Laura Sánchez,laura.sanchez@empresa.zom,8901-2345,S.R.L.,122441.0,3/01/2024,501400,San Rafael,Argentina,
P00018,Consultora Zeta,30-19283747-0,Servicios,Responsable inscripto, Laura Sánchez,laura.sanchez@empresa.zom,8901-2345,S.R.L.,133962.0,4/02/2024,501400,San Rafael,Argentina,
P00101,Luis Martínez,20-12345678-9,Tecnología,Monotributista,Luis Martínez,luis.martinez@empresa.xyz,0111-2345,S.R.L.,109470.0,1/01/2019,509100,Buenos Aires,Argentina,
P00101,Luis Martínez,20-12345678-9,Tecnología,Monotributista,Luis Martínez,luis.martinez@empresa.xyz,0111-2345,S.R.L.,211512.0,28/03/2019,509100,Buenos Aires,Argentina,
P00101,Luis Martínez,20-12345678-9,Tecnología,Monotributista,Luis Martínez,luis.martinez@empresa.xyz,0111-2345,S.R.L.,115392.0,28/05/2019,509100,Buenos Aires,Argentina,
P00101,Luis Martínez,20-12345678-9,Tecnología,Monotributista,Luis Martínez,luis.martinez@empresa.xyz,0111-2345,S.R.L.,66906.0,7/01/2021,509100,Buenos Aires,Argentina,
P00101,Luis Martínez,20-12345678-9,Tecnología,Monotributista,Luis Martínez,luis.martinez@empresa.xyz,0111-2345,S.R.L.,149277.0,7/10/2020,509100,Buenos Aires,Argentina,
P00101,Luis Martínez,20-12345678-9,Tecnología,Monotributista,Luis Martínez,luis.martinez@empresa.xyz,0111-2345,S.R.L.,164820.0,1/01/2023,509100,Buenos Aires,Argentina,
P00101,Luis Martínez,20-12345678-9,Tecnología,Monotributista,Luis Martínez,luis.martinez@empresa.xyz,0111-2345,S.R.L.,84017.0,7/10/2023,509100,Buenos Aires,Argentina,
P00102,Ana Rodríguez,30-98765432-5,Consultoría,Responsable inscripto,Ana Rodríguez,ana.rodriguez@empresa.abc,0123-5678,S.A.,12770.0,3/01/2019,501400,Bahía Blanca,Argentina,
P00102,Ana Rodríguez,30-98765432-5,Consultoría,Responsable inscripto,Ana Rodríguez,ana.rodriguez@empresa.abc,0123-5678,S.A.,279575.0,1/04/2019,501400,Bahía Blanca,Argentina,
P00102,Ana Rodríguez,30-98765432-5,Consultoría,Responsable inscripto,Ana Rodríguez,ana.rodriguez@empresa.abc,0123-5678,S.A.,229019.0,1/06/2019,501400,Bahía Blanca,Argentina,
P00102,Ana Rodríguez,30-98765432-5,Consultoría,Responsable inscripto,Ana Rodríguez,ana.rodriguez@empresa.abc,0123-5678,S.A.,277032.0,10/01/2021,501400,Bahía Blanca,Argentina,
P00102,Ana Rodríguez,30-98765432-5,Consultoría,Responsable inscripto,Ana Rodríguez,ana.rodriguez@empresa.abc,0123-5678,S.A.,170554.0,10/10/2020,501400,Bahía Blanca,Argentina,
P00102,Ana Rodríguez,30-98765432-5,Consultoría,Responsable inscripto,Ana Rodríguez,ana.rodriguez@empresa.abc,0123-5678,S.A.,109099.0,3/01/2023,501400,Bahía Blanca,Argentina,
P00102,Ana Rodríguez,30-98765432-5,Consultoría,Responsable inscripto,Ana Rodríguez,ana.rodriguez@empresa.abc,0123-5678,S.A.,120929.0,10/10/2023,501400,Bahía Blanca,Argentina,
P00103,Carlos Fernández,27-23456789-1,Energía renovable,Monotributista,Carlos Fernández,carlos.fernandez@empresa.def,0345-6789,Cooperativa,272036.0,5/01/2019,501400,Buenos Aires,Argentina,
P00103,Carlos Fernández,27-23456789-1,Energía renovable,Monotributista,Carlos Fernández,carlos.fernandez@empresa.def,0345-6789,Cooperativa,211801.0,4/04/2019,501400,Buenos Aires,Argentina,
P00103,Carlos Fernández,27-23456789-1,Energía renovable,Monotributista,Carlos Fernández,carlos.fernandez@empresa.def,0345-6789,Cooperativa,153534.0,4/06/2019,501400,Buenos Aires,Argentina,
P00103,Carlos Fernández,27-23456789-1,Energía renovable,Monotributista,Carlos Fernández,carlos.fernandez@empresa.def,0345-6789,Cooperativa,291211.0,13/01/2021,501400,Buenos Aires,Argentina,
P00103,Carlos Fernández,27-23456789-1,Energía renovable,Monotributista,Carlos Fernández,carlos.fernandez@empresa.def,0345-6789,Cooperativa,25100.0,13/10/2020,501400,Buenos Aires,Argentina,
P00103,Carlos Fernández,27-23456789-1,Energía renovable,Monotributista,Carlos Fernández,carlos.fernandez@empresa.def,0345-6789,Cooperativa,136125.0,5/01/2023,501400,Buenos Aires,Argentina,
P00103,Carlos Fernández,27-23456789-1,Energía renovable,Monotributista,Carlos Fernández,carlos.fernandez@empresa.def,0345-6789,Cooperativa,151245.0,13/10/2023,501400,Buenos Aires,Argentina,
P00104,María González,23-45678901-3,Transporte,Responsable inscripto,María González,maria.gonzalez@empresa.ghi,0678-3456,S.R.L.,10352.0,7/01/2019,502100,Buenos Aires,Argentina,
P00104,María González,23-45678901-3,Transporte,Responsable inscripto,María González,maria.gonzalez@empresa.ghi,0678-3456,S.R.L.,199434.0,7/04/2019,502100,Buenos Aires,Argentina,
P00104,María González,23-45678901-3,Transporte,Responsable inscripto,María González,maria.gonzalez@empresa.ghi,0678-3456,S.R.L.,288754.0,16/01/2021,502100,Buenos Aires,Argentina,
P00104,María González,23-45678901-3,Transporte,Responsable inscripto,María González,maria.gonzalez@empresa.ghi,0678-3456,S.R.L.,241670.0,7/01/2023,502100,Buenos Aires,Argentina,
P00105,Pedro López,33-56789012-4,Construcción,Monotributista,Pedro López,pedro.lopez@empresa.jkl,0765-4321,Sociedad Anónima,291670.0,10/01/2019,516000,Santiago del Estero,Argentina,
P00105,Pedro López,33-56789012-4,Construcción,Monotributista,Pedro López,pedro.lopez@empresa.jkl,0765-4321,Sociedad Anónima,175139.0,10/04/2019,516000,Santiago del Estero,Argentina,
P00105,Pedro López,33-56789012-4,Construcción,Monotributista,Pedro López,pedro.lopez@empresa.jkl,0765-4321,Sociedad Anónima,140691.0,19/01/2021,516000,Santiago del Estero,Argentina,
P00105,Pedro López,33-56789012-4,Construcción,Monotributista,Pedro López,pedro.lopez@empresa.jkl,0765-4321,Sociedad Anónima,257510.0,10/01/2023,516000,Santiago del Estero,Argentina,
P00106,Laura Pérez,20-87654321-2,Agroindustria,Responsable inscripto,Laura Pérez,laura.perez@empresa.mno,0889-7654,S.R.L.,104176.0,11/02/2019,507100,Río Cuarto,Argentina,
P00106,Laura Pérez,20-87654321-2,Agroindustria,Responsable inscripto,Laura Pérez,laura.perez@empresa.mno,0889-7654,S.R.L.,18742.0,13/04/2019,507100,Río Cuarto,Argentina,
P00106,Laura Pérez,20-87654321-2,Agroindustria,Responsable inscripto,Laura Pérez,laura.perez@empresa.mno,0889-7654,S.R.L.,29783.0,22/01/2021,507100,Río Cuarto,Argentina,
P00106,Laura Pérez,20-87654321-2,Agroindustria,Responsable inscripto,Laura Pérez,laura.perez@empresa.mno,0889-7654,S.R.L.,47776.0,11/02/2023,507100,Río Cuarto,Argentina,
P00107,Javier Ramírez,30-65432109-8,Tecnología,Monotributista,Javier Ramírez,javier.ramirez@empresa.pqr,0999-1234,S.A.,64042.0,14/02/2019,509100,San Fernando del Valle de Catamarca,Argentina,
P00107,Javier Ramírez,30-65432109-8,Tecnología,Monotributista,Javier Ramírez,javier.ramirez@empresa.pqr,0999-1234,S.A.,271022.0,16/04/2019,509100,San Fernando del Valle de Catamarca,Argentina,
P00107,Javier Ramírez,30-65432109-8,Tecnología,Monotributista,Javier Ramírez,javier.ramirez@empresa.pqr,0999-1234,S.A.,269442.0,25/01/2021,509100,San Fernando del Valle de Catamarca,Argentina,
P00107,Javier Ramírez,30-65432109-8,Tecnología,Monotributista,Javier Ramírez,javier.ramirez@empresa.pqr,0999-1234,S.A.,51622.0,14/02/2023,509100,San Fernando del Valle de Catamarca,Argentina,
P00108,Claudia Sánchez,27-76543210-6,Energía renovable,Responsable inscripto,Claudia Sánchez,claudia.sanchez@empresa.stu,0777-5678,Cooperativa,131033.0,17/02/2019,501400,Villa María,Argentina,
P00108,Claudia Sánchez,27-76543210-6,Energía renovable,Responsable inscripto,Claudia Sánchez,claudia.sanchez@empresa.stu,0777-5678,Cooperativa,166866.0,19/04/2019,501400,Villa María,Argentina,
P00108,Claudia Sánchez,27-76543210-6,Energía renovable,Responsable inscripto,Claudia Sánchez,claudia.sanchez@empresa.stu,0777-5678,Cooperativa,42714.0,28/01/2021,501400,Villa María,Argentina,
P00108,Claudia Sánchez,27-76543210-6,Energía renovable,Responsable inscripto,Claudia Sánchez,claudia.sanchez@empresa.stu,0777-5678,Cooperativa,130133.0,17/02/2023,501400,Villa María,Argentina,
P00109,Daniel Morales,23-87654320-5,Transporte,Monotributista,Daniel Morales,daniel.morales@empresa.vwx,0555-4321,S.R.L.,152895.0,20/02/2019,502100,San Luis,Argentina,
P00109,Daniel Morales,23-87654320-5,Transporte,Monotributista,Daniel Morales,daniel.morales@empresa.vwx,0555-4321,S.R.L.,230465.0,22/04/2019,502100,San Luis,Argentina,
P00109,Daniel Morales,23-87654320-5,Transporte,Monotributista,Daniel Morales,daniel.morales@empresa.vwx,0555-4321,S.R.L.,190624.0,1/02/2021,502100,San Luis,Argentina,
P00109,Daniel Morales,23-87654320-5,Transporte,Monotributista,Daniel Morales,daniel.morales@empresa.vwx,0555-4321,S.R.L.,232698.0,20/02/2023,502100,San Luis,Argentina,
P00110,Gabriela Torres,33-76543219-7,Construcción,Responsable inscripto,Gabriela Torres,gabriela.torres@empresa.yza,0666-2345,Sociedad Anónima,192247.0,12/01/2019,516000,Chaco,Argentina,
P00110,Gabriela Torres,33-76543219-7,Construcción,Responsable inscripto,Gabriela Torres,gabriela.torres@empresa.yza,0666-2345,Sociedad Anónima,215535.0,23/02/2019,516000,Chaco,Argentina,
P00110,Gabriela Torres,33-76543219-7,Construcción,Responsable inscripto,Gabriela Torres,gabriela.torres@empresa.yza,0666-2345,Sociedad Anónima,53588.0,25/04/2019,516000,Chaco,Argentina,
P00110,Gabriela Torres,33-76543219-7,Construcción,Responsable inscripto,Gabriela Torres,gabriela.torres@empresa.yza,0666-2345,Sociedad Anónima,198463.0,4/02/2021,516000,Chaco,Argentina,
P00110,Gabriela Torres,33-76543219-7,Construcción,Responsable inscripto,Gabriela Torres,gabriela.torres@empresa.yza,0666-2345,Sociedad Anónima,193408.0,12/01/2023,516000,Chaco,Argentina,
P00110,Gabriela Torres,33-76543219-7,Construcción,Responsable inscripto,Gabriela Torres,gabriela.torres@empresa.yza,0666-2345,Sociedad Anónima,175620.0,23/02/2023,516000,Chaco,Argentina,
P00111,Jorge Herrera,20-87654322-3,Agroindustria,Monotributista,Jorge Herrera,jorge.herrera@empresa.bcd,0123-9876,S.R.L.,233493.0,15/01/2019,507100,Buenos Aires,Argentina,
P00111,Jorge Herrera,20-87654322-3,Agroindustria,Monotributista,Jorge Herrera,jorge.herrera@empresa.bcd,0123-9876,S.R.L.,172873.0,26/02/2019,507100,Buenos Aires,Argentina,
P00111,Jorge Herrera,20-87654322-3,Agroindustria,Monotributista,Jorge Herrera,jorge.herrera@empresa.bcd,0123-9876,S.R.L.,134090.0,28/04/2019,507100,Buenos Aires,Argentina,
P00111,Jorge Herrera,20-87654322-3,Agroindustria,Monotributista,Jorge Herrera,jorge.herrera@empresa.bcd,0123-9876,S.R.L.,128552.0,7/02/2021,507100,Buenos Aires,Argentina,
P00111,Jorge Herrera,20-87654322-3,Agroindustria,Monotributista,Jorge Herrera,jorge.herrera@empresa.bcd,0123-9876,S.R.L.,200989.0,15/01/2023,507100,Buenos Aires,Argentina,
P00111,Jorge Herrera,20-87654322-3,Agroindustria,Monotributista,Jorge Herrera,jorge.herrera@empresa.bcd,0123-9876,S.R.L.,248690.0,26/02/2023,507100,Buenos Aires,Argentina,
P00112,Silvia Ramírez,30-76543214-8,Tecnología,Responsable inscripto,Silvia Ramírez,silvia.ramirez@empresa.efg,0999-2345,S.A.,39393.0,17/01/2019,509100,San Nicolás,Argentina,
P00112,Silvia Ramírez,30-76543214-8,Tecnología,Responsable inscripto,Silvia Ramírez,silvia.ramirez@empresa.efg,0999-2345,S.A.,202116.0,1/03/2019,509100,San Nicolás,Argentina,
P00112,Silvia Ramírez,30-76543214-8,Tecnología,Responsable inscripto,Silvia Ramírez,silvia.ramirez@empresa.efg,0999-2345,S.A.,282553.0,1/05/2019,509100,San Nicolás,Argentina,
P00112,Silvia Ramírez,30-76543214-8,Tecnología,Responsable inscripto,Silvia Ramírez,silvia.ramirez@empresa.efg,0999-2345,S.A.,143848.0,10/02/2021,509100,San Nicolás,Argentina,
P00112,Silvia Ramírez,30-76543214-8,Tecnología,Responsable inscripto,Silvia Ramírez,silvia.ramirez@empresa.efg,0999-2345,S.A.,172745.0,17/01/2023,509100,San Nicolás,Argentina,
P00112,Silvia Ramírez,30-76543214-8,Tecnología,Responsable inscripto,Silvia Ramírez,silvia.ramirez@empresa.efg,0999-2345,S.A.,176341.0,1/03/2023,509100,San Nicolás,Argentina,
P00113,Roberto Cruz,27-23456789-3,Energía renovable,Responsable inscripto,Roberto Cruz,roberto.cruz@empresa.hij,0555-9876,Cooperativa,125746.0,20/01/2019,501400,Luján,Argentina,
P00113,Roberto Cruz,27-23456789-3,Energía renovable,Responsable inscripto,Roberto Cruz,roberto.cruz@empresa.hij,0555-9876,Cooperativa,259600.0,4/03/2019,501400,Luján,Argentina,
P00113,Roberto Cruz,27-23456789-3,Energía renovable,Responsable inscripto,Roberto Cruz,roberto.cruz@empresa.hij,0555-9876,Cooperativa,232274.0,4/05/2019,501400,Luján,Argentina,
P00113,Roberto Cruz,27-23456789-3,Energía renovable,Responsable inscripto,Roberto Cruz,roberto.cruz@empresa.hij,0555-9876,Cooperativa,49747.0,7/06/2019,501400,Luján,Argentina,
P00113,Roberto Cruz,27-23456789-3,Energía renovable,Responsable inscripto,Roberto Cruz,roberto.cruz@empresa.hij,0555-9876,Cooperativa,111656.0,13/02/2021,501400,Luján,Argentina,
P00113,Roberto Cruz,27-23456789-3,Energía renovable,Responsable inscripto,Roberto Cruz,roberto.cruz@empresa.hij,0555-9876,Cooperativa,43202.0,16/10/2020,501400,Luján,Argentina,
P00113,Roberto Cruz,27-23456789-3,Energía renovable,Responsable inscripto,Roberto Cruz,roberto.cruz@empresa.hij,0555-9876,Cooperativa,129158.0,20/01/2023,501400,Luján,Argentina,
P00113,Roberto Cruz,27-23456789-3,Energía renovable,Responsable inscripto,Roberto Cruz,roberto.cruz@empresa.hij,0555-9876,Cooperativa,152240.0,4/03/2023,501400,Luján,Argentina,
P00113,Roberto Cruz,27-23456789-3,Energía renovable,Responsable inscripto,Roberto Cruz,roberto.cruz@empresa.hij,0555-9876,Cooperativa,35853.0,16/10/2023,501400,Luján,Argentina,
P00114,Patricia Gómez,23-87654323-6,Transporte,Monotributista,Patricia Gómez,patricia.gomez@empresa.klm,0765-3456,S.R.L.,13869.0,22/01/2019,502100,Jujuy,Argentina,
P00114,Patricia Gómez,23-87654323-6,Transporte,Monotributista,Patricia Gómez,patricia.gomez@empresa.klm,0765-3456,S.R.L.,157396.0,7/03/2019,502100,Jujuy,Argentina,
P00114,Patricia Gómez,23-87654323-6,Transporte,Monotributista,Patricia Gómez,patricia.gomez@empresa.klm,0765-3456,S.R.L.,97345.0,7/05/2019,502100,Jujuy,Argentina,
P00114,Patricia Gómez,23-87654323-6,Transporte,Monotributista,Patricia Gómez,patricia.gomez@empresa.klm,0765-3456,S.R.L.,57351.0,10/06/2019,502100,Jujuy,Argentina,
P00114,Patricia Gómez,23-87654323-6,Transporte,Monotributista,Patricia Gómez,patricia.gomez@empresa.klm,0765-3456,S.R.L.,251228.0,16/02/2021,502100,Jujuy,Argentina,
P00114,Patricia Gómez,23-87654323-6,Transporte,Monotributista,Patricia Gómez,patricia.gomez@empresa.klm,0765-3456,S.R.L.,257036.0,19/10/2020,502100,Jujuy,Argentina,
P00114,Patricia Gómez,23-87654323-6,Transporte,Monotributista,Patricia Gómez,patricia.gomez@empresa.klm,0765-3456,S.R.L.,226947.0,22/01/2023,502100,Jujuy,Argentina,
P00114,Patricia Gómez,23-87654323-6,Transporte,Monotributista,Patricia Gómez,patricia.gomez@empresa.klm,0765-3456,S.R.L.,57471.0,19/10/2023,502100,Jujuy,Argentina,
P00115,Ernesto Ruiz,33-65432198-7,Construcción,Responsable inscripto,Ernesto Ruiz,ernesto.ruiz@empresa.nop,0889-6543,Sociedad Anónima,277243.0,25/01/2019,516000,Buenos Aires,Argentina,
P00115,Ernesto Ruiz,33-65432198-7,Construcción,Responsable inscripto,Ernesto Ruiz,ernesto.ruiz@empresa.nop,0889-6543,Sociedad Anónima,184382.0,10/03/2019,516000,Buenos Aires,Argentina,
P00115,Ernesto Ruiz,33-65432198-7,Construcción,Responsable inscripto,Ernesto Ruiz,ernesto.ruiz@empresa.nop,0889-6543,Sociedad Anónima,273206.0,10/05/2019,516000,Buenos Aires,Argentina,
P00115,Ernesto Ruiz,33-65432198-7,Construcción,Responsable inscripto,Ernesto Ruiz,ernesto.ruiz@empresa.nop,0889-6543,Sociedad Anónima,109321.0,13/06/2019,516000,Buenos Aires,Argentina,
P00115,Ernesto Ruiz,33-65432198-7,Construcción,Responsable inscripto,Ernesto Ruiz,ernesto.ruiz@empresa.nop,0889-6543,Sociedad Anónima,11195.0,19/02/2021,516000,Buenos Aires,Argentina,
P00115,Ernesto Ruiz,33-65432198-7,Construcción,Responsable inscripto,Ernesto Ruiz,ernesto.ruiz@empresa.nop,0889-6543,Sociedad Anónima,218095.0,22/10/2020,516000,Buenos Aires,Argentina,
P00115,Ernesto Ruiz,33-65432198-7,Construcción,Responsable inscripto,Ernesto Ruiz,ernesto.ruiz@empresa.nop,0889-6543,Sociedad Anónima,14028.0,25/01/2023,516000,Buenos Aires,Argentina,
P00115,Ernesto Ruiz,33-65432198-7,Construcción,Responsable inscripto,Ernesto Ruiz,ernesto.ruiz@empresa.nop,0889-6543,Sociedad Anónima,289894.0,22/10/2023,516000,Buenos Aires,Argentina,
P00116,Valeria Ortega,20-98765432-9,Agroindustria,Monotributista,Valeria Ortega,valeria.ortega@empresa.qrs,0777-7654,S.R.L.,212213.0,27/01/2019,507100,Buenos Aires,Argentina,
P00116,Valeria Ortega,20-98765432-9,Agroindustria,Monotributista,Valeria Ortega,valeria.ortega@empresa.qrs,0777-7654,S.R.L.,189803.0,13/03/2019,507100,Buenos Aires,Argentina,
P00116,Valeria Ortega,20-98765432-9,Agroindustria,Monotributista,Valeria Ortega,valeria.ortega@empresa.qrs,0777-7654,S.R.L.,91956.0,13/05/2019,507100,Buenos Aires,Argentina,
P00116,Valeria Ortega,20-98765432-9,Agroindustria,Monotributista,Valeria Ortega,valeria.ortega@empresa.qrs,0777-7654,S.R.L.,94918.0,16/06/2019,507100,Buenos Aires,Argentina,
P00116,Valeria Ortega,20-98765432-9,Agroindustria,Monotributista,Valeria Ortega,valeria.ortega@empresa.qrs,0777-7654,S.R.L.,262781.0,22/09/2020,507100,Buenos Aires,Argentina,
P00116,Valeria Ortega,20-98765432-9,Agroindustria,Monotributista,Valeria Ortega,valeria.ortega@empresa.qrs,0777-7654,S.R.L.,113111.0,25/10/2020,507100,Buenos Aires,Argentina,
P00116,Valeria Ortega,20-98765432-9,Agroindustria,Monotributista,Valeria Ortega,valeria.ortega@empresa.qrs,0777-7654,S.R.L.,93391.0,27/01/2023,507100,Buenos Aires,Argentina,
P00116,Valeria Ortega,20-98765432-9,Agroindustria,Monotributista,Valeria Ortega,valeria.ortega@empresa.qrs,0777-7654,S.R.L.,228821.0,25/10/2023,507100,Buenos Aires,Argentina,
P00117,Juan Castillo,30-87654321-0,Tecnología,Responsable inscripto,Juan Castillo,juan.castillo@empresa.tuv,0345-9998,S.A.,214933.0,30/01/2019,509100,Trelew,Argentina,
P00117,Juan Castillo,30-87654321-0,Tecnología,Responsable inscripto,Juan Castillo,juan.castillo@empresa.tuv,0345-9998,S.A.,121607.0,16/03/2019,509100,Trelew,Argentina,
P00117,Juan Castillo,30-87654321-0,Tecnología,Responsable inscripto,Juan Castillo,juan.castillo@empresa.tuv,0345-9998,S.A.,63352.0,16/05/2019,509100,Trelew,Argentina,
P00117,Juan Castillo,30-87654321-0,Tecnología,Responsable inscripto,Juan Castillo,juan.castillo@empresa.tuv,0345-9998,S.A.,60909.0,19/06/2019,509100,Trelew,Argentina,
P00117,Juan Castillo,30-87654321-0,Tecnología,Responsable inscripto,Juan Castillo,juan.castillo@empresa.tuv,0345-9998,S.A.,191131.0,25/09/2020,509100,Trelew,Argentina,
P00117,Juan Castillo,30-87654321-0,Tecnología,Responsable inscripto,Juan Castillo,juan.castillo@empresa.tuv,0345-9998,S.A.,30101.0,28/10/2020,509100,Trelew,Argentina,
P00117,Juan Castillo,30-87654321-0,Tecnología,Responsable inscripto,Juan Castillo,juan.castillo@empresa.tuv,0345-9998,S.A.,239664.0,30/01/2023,509100,Trelew,Argentina,
P00117,Juan Castillo,30-87654321-0,Tecnología,Responsable inscripto,Juan Castillo,juan.castillo@empresa.tuv,0345-9998,S.A.,16770.0,28/10/2023,509100,Trelew,Argentina,
P00118,Sofía Martínez,27-12345678-9,Energía renovable,Responsable inscripto,Sofía Martínez,sofia.martinez@empresa.wxy,0555-2345,Cooperativa,167832.0,2/02/2019,501400,Mendoza,Argentina,
P00118,Sofía Martínez,27-12345678-9,Energía renovable,Responsable inscripto,Sofía Martínez,sofia.martinez@empresa.wxy,0555-2345,Cooperativa,247694.0,19/03/2019,501400,Mendoza,Argentina,
P00118,Sofía Martínez,27-12345678-9,Energía renovable,Responsable inscripto,Sofía Martínez,sofia.martinez@empresa.wxy,0555-2345,Cooperativa,113663.0,19/05/2019,501400,Mendoza,Argentina,
P00118,Sofía Martínez,27-12345678-9,Energía renovable,Responsable inscripto,Sofía Martínez,sofia.martinez@empresa.wxy,0555-2345,Cooperativa,19987.0,22/06/2019,501400,Mendoza,Argentina,
P00118,Sofía Martínez,27-12345678-9,Energía renovable,Responsable inscripto,Sofía Martínez,sofia.martinez@empresa.wxy,0555-2345,Cooperativa,26855.0,28/09/2020,501400,Mendoza,Argentina,
P00118,Sofía Martínez,27-12345678-9,Energía renovable,Responsable inscripto,Sofía Martínez,sofia.martinez@empresa.wxy,0555-2345,Cooperativa,299321.0,1/11/2020,501400,Mendoza,Argentina,
P00118,Sofía Martínez,27-12345678-9,Energía renovable,Responsable inscripto,Sofía Martínez,sofia.martinez@empresa.wxy,0555-2345,Cooperativa,145362.0,2/02/2023,501400,Mendoza,Argentina,
P00118,Sofía Martínez,27-12345678-9,Energía renovable,Responsable inscripto,Sofía Martínez,sofia.martinez@empresa.wxy,0555-2345,Cooperativa,52591.0,1/11/2023,501400,Mendoza,Argentina,
P00119,Pablo Díaz,23-87654329-8,Transporte,Monotributista,Pablo Díaz,pablo.diaz@empresa.zab,0123-7654,S.R.L.,285851.0,5/02/2019,502100,San Fernando,Argentina,
P00119,Pablo Díaz,23-87654329-8,Transporte,Monotributista,Pablo Díaz,pablo.diaz@empresa.zab,0123-7654,S.R.L.,266431.0,22/03/2019,502100,San Fernando,Argentina,
P00119,Pablo Díaz,23-87654329-8,Transporte,Monotributista,Pablo Díaz,pablo.diaz@empresa.zab,0123-7654,S.R.L.,47892.0,22/05/2019,502100,San Fernando,Argentina,
P00119,Pablo Díaz,23-87654329-8,Transporte,Monotributista,Pablo Díaz,pablo.diaz@empresa.zab,0123-7654,S.R.L.,143655.0,25/06/2019,502100,San Fernando,Argentina,
P00119,Pablo Díaz,23-87654329-8,Transporte,Monotributista,Pablo Díaz,pablo.diaz@empresa.zab,0123-7654,S.R.L.,253069.0,1/01/2021,502100,San Fernando,Argentina,
P00119,Pablo Díaz,23-87654329-8,Transporte,Monotributista,Pablo Díaz,pablo.diaz@empresa.zab,0123-7654,S.R.L.,124078.0,1/10/2020,502100,San Fernando,Argentina,
P00119,Pablo Díaz,23-87654329-8,Transporte,Monotributista,Pablo Díaz,pablo.diaz@empresa.zab,0123-7654,S.R.L.,164974.0,4/11/2020,502100,San Fernando,Argentina,
P00119,Pablo Díaz,23-87654329-8,Transporte,Monotributista,Pablo Díaz,pablo.diaz@empresa.zab,0123-7654,S.R.L.,98184.0,5/02/2023,502100,San Fernando,Argentina,
P00119,Pablo Díaz,23-87654329-8,Transporte,Monotributista,Pablo Díaz,pablo.diaz@empresa.zab,0123-7654,S.R.L.,70237.0,1/10/2023,502100,San Fernando,Argentina,
P00119,Pablo Díaz,23-87654329-8,Transporte,Monotributista,Pablo Díaz,pablo.diaz@empresa.zab,0123-7654,S.R.L.,249088.0,4/11/2023,502100,San Fernando,Argentina,
P00120,Isabel Ramírez,33-76543218-9,Construcción,Responsable inscripto,Isabel Ramírez,isabel.ramirez@empresa.bef,0999-9876,Sociedad Anónima,130253.0,8/02/2019,516000,Merlo,Argentina,
P00120,Isabel Ramírez,33-76543218-9,Construcción,Responsable inscripto,Isabel Ramírez,isabel.ramirez@empresa.bef,0999-9876,Sociedad Anónima,201168.0,25/03/2019,516000,Merlo,Argentina,
P00120,Isabel Ramírez,33-76543218-9,Construcción,Responsable inscripto,Isabel Ramírez,isabel.ramirez@empresa.bef,0999-9876,Sociedad Anónima,182791.0,25/05/2019,516000,Merlo,Argentina,
P00120,Isabel Ramírez,33-76543218-9,Construcción,Responsable inscripto,Isabel Ramírez,isabel.ramirez@empresa.bef,0999-9876,Sociedad Anónima,100941.0,28/06/2019,516000,Merlo,Argentina,
P00120,Isabel Ramírez,33-76543218-9,Construcción,Responsable inscripto,Isabel Ramírez,isabel.ramirez@empresa.bef,0999-9876,Sociedad Anónima,74480.0,1/07/2019,516000,Merlo,Argentina,
P00120,Isabel Ramírez,33-76543218-9,Construcción,Responsable inscripto,Isabel Ramírez,isabel.ramirez@empresa.bef,0999-9876,Sociedad Anónima,50006.0,4/07/2019,516000,Merlo,Argentina,
P00120,Isabel Ramírez,33-76543218-9,Construcción,Responsable inscripto,Isabel Ramírez,isabel.ramirez@empresa.bef,0999-9876,Sociedad Anónima,70453.0,4/01/2021,516000,Merlo,Argentina,
P00120,Isabel Ramírez,33-76543218-9,Construcción,Responsable inscripto,Isabel Ramírez,isabel.ramirez@empresa.bef,0999-9876,Sociedad Anónima,16006.0,4/10/2020,516000,Merlo,Argentina,
P00120,Isabel Ramírez,33-76543218-9,Construcción,Responsable inscripto,Isabel Ramírez,isabel.ramirez@empresa.bef,0999-9876,Sociedad Anónima,168444.0,7/11/2020,516000,Merlo,Argentina,
P00120,Isabel Ramírez,33-76543218-9,Construcción,Responsable inscripto,Isabel Ramírez,isabel.ramirez@empresa.bef,0999-9876,Sociedad Anónima,285123.0,10/11/2020,516000,Merlo,Argentina,
P00120,Isabel Ramírez,33-76543218-9,Construcción,Responsable inscripto,Isabel Ramírez,isabel.ramirez@empresa.bef,0999-9876,Sociedad Anónima,118002.0,13/11/2020,516000,Merlo,Argentina,
P00120,Isabel Ramírez,33-76543218-9,Construcción,Responsable inscripto,Isabel Ramírez,isabel.ramirez@empresa.bef,0999-9876,Sociedad Anónima,262998.0,8/02/2023,516000,Merlo,Argentina,
P00120,Isabel Ramírez,33-76543218-9,Construcción,Responsable inscripto,Isabel Ramírez,isabel.ramirez@empresa.bef,0999-9876,Sociedad Anónima,71101.0,4/10/2023,516000,Merlo,Argentina,
P00120,Isabel Ramírez,33-76543218-9,Construcción,Responsable inscripto,Isabel Ramírez,isabel.ramirez@empresa.bef,0999-9876,Sociedad Anónima,132812.0,7/11/2023,516000,Merlo,Argentina,
P00120,Isabel Ramírez,33-76543218-9,Construcción,Responsable inscripto,Isabel Ramírez,isabel.ramirez@empresa.bef,0999-9876,Sociedad Anónima,193225.0,10/11/2023,516000,Merlo,Argentina,
P00120,Isabel Ramírez,33-76543218-9,Construcción,Responsable inscripto,Isabel Ramírez,isabel.ramirez@empresa.bef,0999-9876,Sociedad Anónima,198619.0,13/11/2023,516000,Merlo,Argentina,
P00121,Carla Medina,20-34567890-1,Software,Monotributista,Carla Medina,carla.medina@empresa.qrs,0123-6789,S.R.L.,222631.0,2/01/2020,509100,San Martín,Argentina,
P00121,Carla Medina,20-34567890-1,Software,Monotributista,Carla Medina,carla.medina@empresa.qrs,0123-6789,S.R.L.,61912.0,1/04/2020,509100,San Martín,Argentina,
P00121,Carla Medina,20-34567890-1,Software,Monotributista,Carla Medina,carla.medina@empresa.qrs,0123-6789,S.R.L.,235544.0,1/07/2020,509100,San Martín,Argentina,
P00121,Carla Medina,20-34567890-1,Software,Monotributista,Carla Medina,carla.medina@empresa.qrs,0123-6789,S.R.L.,153467.0,22/11/2020,509100,San Martín,Argentina,
P00121,Carla Medina,20-34567890-1,Software,Monotributista,Carla Medina,carla.medina@empresa.qrs,0123-6789,S.R.L.,229698.0,4/03/2021,509100,San Martín,Argentina,
P00121,Carla Medina,20-34567890-1,Software,Monotributista,Carla Medina,carla.medina@empresa.qrs,0123-6789,S.R.L.,66132.0,16/11/2020,509100,San Martín,Argentina,
P00121,Carla Medina,20-34567890-1,Software,Monotributista,Carla Medina,carla.medina@empresa.qrs,0123-6789,S.R.L.,296580.0,19/02/2021,509100,San Martín,Argentina,
P00121,Carla Medina,20-34567890-1,Software,Monotributista,Carla Medina,carla.medina@empresa.qrs,0123-6789,S.R.L.,228513.0,19/10/2022,509100,San Martín,Argentina,
P00122,Manuel Fernández,30-98765434-2,Consultoría it,Responsable inscripto,Manuel Fernández,manuel.fernandez@empresa.tuv,0345-6789,S.A.,183419.0,5/01/2020,501400,Viedma,Argentina,
P00122,Manuel Fernández,30-98765434-2,Consultoría it,Responsable inscripto,Manuel Fernández,manuel.fernandez@empresa.tuv,0345-6789,S.A.,218194.0,4/04/2020,501400,Viedma,Argentina,
P00122,Manuel Fernández,30-98765434-2,Consultoría it,Responsable inscripto,Manuel Fernández,manuel.fernandez@empresa.tuv,0345-6789,S.A.,175383.0,4/07/2020,501400,Viedma,Argentina,
P00122,Manuel Fernández,30-98765434-2,Consultoría it,Responsable inscripto,Manuel Fernández,manuel.fernandez@empresa.tuv,0345-6789,S.A.,216757.0,25/11/2020,501400,Viedma,Argentina,
P00122,Manuel Fernández,30-98765434-2,Consultoría it,Responsable inscripto,Manuel Fernández,manuel.fernandez@empresa.tuv,0345-6789,S.A.,102297.0,7/03/2021,501400,Viedma,Argentina,
P00122,Manuel Fernández,30-98765434-2,Consultoría it,Responsable inscripto,Manuel Fernández,manuel.fernandez@empresa.tuv,0345-6789,S.A.,24251.0,17/11/2022,501400,Viedma,Argentina,
P00122,Manuel Fernández,30-98765434-2,Consultoría it,Responsable inscripto,Manuel Fernández,manuel.fernandez@empresa.tuv,0345-6789,S.A.,149161.0,22/09/2022,501400,Viedma,Argentina,
P00122,Manuel Fernández,30-98765434-2,Consultoría it,Responsable inscripto,Manuel Fernández,manuel.fernandez@empresa.tuv,0345-6789,S.A.,91564.0,22/10/2022,501400,Viedma,Argentina,
P00123,Sofía Castro,27-87654321-0,Energía eólica,Monotributista,Sofía Castro,sofia.castro@empresa.uvw,0456-7890,Sociedad Anónima,296190.0,8/01/2020,501400,Rawson,Argentina,
P00123,Sofía Castro,27-87654321-0,Energía eólica,Monotributista,Sofía Castro,sofia.castro@empresa.uvw,0456-7890,Sociedad Anónima,251963.0,7/04/2020,501400,Rawson,Argentina,
P00123,Sofía Castro,27-87654321-0,Energía eólica,Monotributista,Sofía Castro,sofia.castro@empresa.uvw,0456-7890,Sociedad Anónima,119340.0,7/07/2020,501400,Rawson,Argentina,
P00123,Sofía Castro,27-87654321-0,Energía eólica,Monotributista,Sofía Castro,sofia.castro@empresa.uvw,0456-7890,Sociedad Anónima,248673.0,28/11/2020,501400,Rawson,Argentina,
P00123,Sofía Castro,27-87654321-0,Energía eólica,Monotributista,Sofía Castro,sofia.castro@empresa.uvw,0456-7890,Sociedad Anónima,75137.0,18/11/2022,501400,Rawson,Argentina,
P00123,Sofía Castro,27-87654321-0,Energía eólica,Monotributista,Sofía Castro,sofia.castro@empresa.uvw,0456-7890,Sociedad Anónima,85257.0,25/09/2022,501400,Rawson,Argentina,
P00123,Sofía Castro,27-87654321-0,Energía eólica,Monotributista,Sofía Castro,sofia.castro@empresa.uvw,0456-7890,Sociedad Anónima,91564.0,25/10/2022,501400,Rawson,Argentina,
P00124,Ricardo López,23-98765432-4,Construcción,Responsable inscripto,Ricardo López,ricardo.lopez@empresa.xyz,0567-8901,S.R.L.,88564.0,11/01/2020,516000,Oberá,Argentina,
P00124,Ricardo López,23-98765432-4,Construcción,Responsable inscripto,Ricardo López,ricardo.lopez@empresa.xyz,0567-8901,S.R.L.,109710.0,10/04/2020,516000,Oberá,Argentina,
P00124,Ricardo López,23-98765432-4,Construcción,Responsable inscripto,Ricardo López,ricardo.lopez@empresa.xyz,0567-8901,S.R.L.,129304.0,10/07/2020,516000,Oberá,Argentina,
P00124,Ricardo López,23-98765432-4,Construcción,Responsable inscripto,Ricardo López,ricardo.lopez@empresa.xyz,0567-8901,S.R.L.,233659.0,1/12/2020,516000,Oberá,Argentina,
P00124,Ricardo López,23-98765432-4,Construcción,Responsable inscripto,Ricardo López,ricardo.lopez@empresa.xyz,0567-8901,S.R.L.,30337.0,28/01/2021,516000,Oberá,Argentina,
P00124,Ricardo López,23-98765432-4,Construcción,Responsable inscripto,Ricardo López,ricardo.lopez@empresa.xyz,0567-8901,S.R.L.,246839.0,28/09/2022,516000,Oberá,Argentina,
P00125,Gabriela Martínez,33-12345678-9,Agroindustria,Monotributista,Gabriela Martínez,gabriela.martinez@empresa.abc,0678-9012,Cooperativa,22903.0,14/01/2020,507100,Calafate,Argentina,
P00125,Gabriela Martínez,33-12345678-9,Agroindustria,Monotributista,Gabriela Martínez,gabriela.martinez@empresa.abc,0678-9012,Cooperativa,247663.0,13/04/2020,507100,Calafate,Argentina,
P00125,Gabriela Martínez,33-12345678-9,Agroindustria,Monotributista,Gabriela Martínez,gabriela.martinez@empresa.abc,0678-9012,Cooperativa,90516.0,13/07/2020,507100,Calafate,Argentina,
P00125,Gabriela Martínez,33-12345678-9,Agroindustria,Monotributista,Gabriela Martínez,gabriela.martinez@empresa.abc,0678-9012,Cooperativa,139242.0,4/12/2020,507100,Calafate,Argentina,
P00125,Gabriela Martínez,33-12345678-9,Agroindustria,Monotributista,Gabriela Martínez,gabriela.martinez@empresa.abc,0678-9012,Cooperativa,88185.0,1/02/2021,507100,Calafate,Argentina,
P00125,Gabriela Martínez,33-12345678-9,Agroindustria,Monotributista,Gabriela Martínez,gabriela.martinez@empresa.abc,0678-9012,Cooperativa,244816.0,1/10/2022,507100,Calafate,Argentina,
P00126,Pablo Vargas,20-23456789-1,Tecnología,Responsable inscripto,Pablo Vargas,pablo.vargas@empresa.def,0789-0123,S.A.,74389.0,17/01/2020,509100,Gualeguaychú,Argentina,
P00126,Pablo Vargas,20-23456789-1,Tecnología,Responsable inscripto,Pablo Vargas,pablo.vargas@empresa.def,0789-0123,S.A.,117043.0,16/04/2020,509100,Gualeguaychú,Argentina,
P00126,Pablo Vargas,20-23456789-1,Tecnología,Responsable inscripto,Pablo Vargas,pablo.vargas@empresa.def,0789-0123,S.A.,97376.0,16/07/2020,509100,Gualeguaychú,Argentina,
P00126,Pablo Vargas,20-23456789-1,Tecnología,Responsable inscripto,Pablo Vargas,pablo.vargas@empresa.def,0789-0123,S.A.,231968.0,7/12/2020,509100,Gualeguaychú,Argentina,
P00126,Pablo Vargas,20-23456789-1,Tecnología,Responsable inscripto,Pablo Vargas,pablo.vargas@empresa.def,0789-0123,S.A.,146818.0,4/02/2021,509100,Gualeguaychú,Argentina,
P00126,Pablo Vargas,20-23456789-1,Tecnología,Responsable inscripto,Pablo Vargas,pablo.vargas@empresa.def,0789-0123,S.A.,14222.0,4/10/2022,509100,Gualeguaychú,Argentina,
P00127,Laura Fernández,30-34567890-3,Energía solar,Monotributista,Laura Fernández,laura.fernandez@empresa.ghi,0890-1234,S.R.L.,37706.0,20/01/2020,501400,Río Grande,Argentina,
P00127,Laura Fernández,30-34567890-3,Energía solar,Monotributista,Laura Fernández,laura.fernandez@empresa.ghi,0890-1234,S.R.L.,11442.0,19/04/2020,501400,Río Grande,Argentina,
P00127,Laura Fernández,30-34567890-3,Energía solar,Monotributista,Laura Fernández,laura.fernandez@empresa.ghi,0890-1234,S.R.L.,179093.0,19/07/2020,501400,Río Grande,Argentina,
P00127,Laura Fernández,30-34567890-3,Energía solar,Monotributista,Laura Fernández,laura.fernandez@empresa.ghi,0890-1234,S.R.L.,173998.0,10/12/2020,501400,Río Grande,Argentina,
P00127,Laura Fernández,30-34567890-3,Energía solar,Monotributista,Laura Fernández,laura.fernandez@empresa.ghi,0890-1234,S.R.L.,283665.0,7/02/2021,501400,Río Grande,Argentina,
P00127,Laura Fernández,30-34567890-3,Energía solar,Monotributista,Laura Fernández,laura.fernandez@empresa.ghi,0890-1234,S.R.L.,212134.0,7/10/2022,501400,Río Grande,Argentina,
P00128,Javier González,27-98765432-5,Transporte,Responsable inscripto,Javier González,javier.gonzalez@empresa.jkl,0912-3456,Sociedad Anónima,198341.0,23/01/2020,502100,Buenos Aires,Argentina,
P00128,Javier González,27-98765432-5,Transporte,Responsable inscripto,Javier González,javier.gonzalez@empresa.jkl,0912-3456,Sociedad Anónima,10587.0,22/04/2020,502100,Buenos Aires,Argentina,
P00128,Javier González,27-98765432-5,Transporte,Responsable inscripto,Javier González,javier.gonzalez@empresa.jkl,0912-3456,Sociedad Anónima,179746.0,22/07/2020,502100,Buenos Aires,Argentina,
P00128,Javier González,27-98765432-5,Transporte,Responsable inscripto,Javier González,javier.gonzalez@empresa.jkl,0912-3456,Sociedad Anónima,83142.0,13/12/2020,502100,Buenos Aires,Argentina,
P00128,Javier González,27-98765432-5,Transporte,Responsable inscripto,Javier González,javier.gonzalez@empresa.jkl,0912-3456,Sociedad Anónima,59591.0,10/02/2021,502100,Buenos Aires,Argentina,
P00128,Javier González,27-98765432-5,Transporte,Responsable inscripto,Javier González,javier.gonzalez@empresa.jkl,0912-3456,Sociedad Anónima,280267.0,10/10/2022,502100,Buenos Aires,Argentina,
P00129,Patricia Rivas,23-45678901-7,Construcción,Monotributista,Patricia Rivas,patricia.rivas@empresa.mno,0123-4567,S.R.L.,237422.0,26/01/2020,516000,Villa Carlos Paz,Argentina,
P00129,Patricia Rivas,23-45678901-7,Construcción,Monotributista,Patricia Rivas,patricia.rivas@empresa.mno,0123-4567,S.R.L.,13020.0,25/04/2020,516000,Villa Carlos Paz,Argentina,
P00129,Patricia Rivas,23-45678901-7,Construcción,Monotributista,Patricia Rivas,patricia.rivas@empresa.mno,0123-4567,S.R.L.,94240.0,25/07/2020,516000,Villa Carlos Paz,Argentina,
P00129,Patricia Rivas,23-45678901-7,Construcción,Monotributista,Patricia Rivas,patricia.rivas@empresa.mno,0123-4567,S.R.L.,64138.0,16/12/2020,516000,Villa Carlos Paz,Argentina,
P00129,Patricia Rivas,23-45678901-7,Construcción,Monotributista,Patricia Rivas,patricia.rivas@empresa.mno,0123-4567,S.R.L.,209335.0,13/02/2021,516000,Villa Carlos Paz,Argentina,
P00129,Patricia Rivas,23-45678901-7,Construcción,Monotributista,Patricia Rivas,patricia.rivas@empresa.mno,0123-4567,S.R.L.,211622.0,13/10/2022,516000,Villa Carlos Paz,Argentina,
P00130,Fernando Reyes,33-56789012-6,Agroindustria,Responsable inscripto,Fernando Reyes,fernando.reyes@empresa.pqr,0345-6789,Cooperativa,79707.0,29/01/2020,507100,Villa Allende,Argentina,
P00130,Fernando Reyes,33-56789012-6,Agroindustria,Responsable inscripto,Fernando Reyes,fernando.reyes@empresa.pqr,0345-6789,Cooperativa,217800.0,28/04/2020,507100,Villa Allende,Argentina,
P00130,Fernando Reyes,33-56789012-6,Agroindustria,Responsable inscripto,Fernando Reyes,fernando.reyes@empresa.pqr,0345-6789,Cooperativa,26298.0,28/07/2020,507100,Villa Allende,Argentina,
P00130,Fernando Reyes,33-56789012-6,Agroindustria,Responsable inscripto,Fernando Reyes,fernando.reyes@empresa.pqr,0345-6789,Cooperativa,147083.0,19/12/2020,507100,Villa Allende,Argentina,
P00130,Fernando Reyes,33-56789012-6,Agroindustria,Responsable inscripto,Fernando Reyes,fernando.reyes@empresa.pqr,0345-6789,Cooperativa,241869.0,16/02/2021,507100,Villa Allende,Argentina,
P00130,Fernando Reyes,33-56789012-6,Agroindustria,Responsable inscripto,Fernando Reyes,fernando.reyes@empresa.pqr,0345-6789,Cooperativa,140463.0,16/10/2022,507100,Villa Allende,Argentina,
P00131,Valentina Ortega,20-87654321-2,Consultoría,Monotributista,Valentina Ortega,valentina.ortega@empresa.stu,0456-7890,S.R.L.,12989.0,1/02/2020,501400,San Pedro,Argentina,
P00131,Valentina Ortega,20-87654321-2,Consultoría,Monotributista,Valentina Ortega,valentina.ortega@empresa.stu,0456-7890,S.R.L.,268049.0,1/05/2020,501400,San Pedro,Argentina,
P00131,Valentina Ortega,20-87654321-2,Consultoría,Monotributista,Valentina Ortega,valentina.ortega@empresa.stu,0456-7890,S.R.L.,222635.0,1/08/2020,501400,San Pedro,Argentina,
P00131,Valentina Ortega,20-87654321-2,Consultoría,Monotributista,Valentina Ortega,valentina.ortega@empresa.stu,0456-7890,S.R.L.,256449.0,22/12/2020,501400,San Pedro,Argentina,
P00131,Valentina Ortega,20-87654321-2,Consultoría,Monotributista,Valentina Ortega,valentina.ortega@empresa.stu,0456-7890,S.R.L.,141315.0,19/02/2021,501400,San Pedro,Argentina,
P00131,Valentina Ortega,20-87654321-2,Consultoría,Monotributista,Valentina Ortega,valentina.ortega@empresa.stu,0456-7890,S.R.L.,186346.0,19/10/2022,501400,San Pedro,Argentina,
P00132,Andrés Ruiz,30-12345678-9,Tecnología,Responsable inscripto,Andrés Ruiz,andres.ruiz@empresa.tuv,0567-8901,S.A.,249854.0,4/02/2020,509100,General Roca,Argentina,
P00132,Andrés Ruiz,30-12345678-9,Tecnología,Responsable inscripto,Andrés Ruiz,andres.ruiz@empresa.tuv,0567-8901,S.A.,229698.0,4/05/2020,509100,General Roca,Argentina,
P00132,Andrés Ruiz,30-12345678-9,Tecnología,Responsable inscripto,Andrés Ruiz,andres.ruiz@empresa.tuv,0567-8901,S.A.,192599.0,4/08/2020,509100,General Roca,Argentina,
P00132,Andrés Ruiz,30-12345678-9,Tecnología,Responsable inscripto,Andrés Ruiz,andres.ruiz@empresa.tuv,0567-8901,S.A.,152846.0,25/12/2020,509100,General Roca,Argentina,
P00132,Andrés Ruiz,30-12345678-9,Tecnología,Responsable inscripto,Andrés Ruiz,andres.ruiz@empresa.tuv,0567-8901,S.A.,110878.0,7/01/2021,509100,General Roca,Argentina,
P00132,Andrés Ruiz,30-12345678-9,Tecnología,Responsable inscripto,Andrés Ruiz,andres.ruiz@empresa.tuv,0567-8901,S.A.,48679.0,22/09/2022,509100,General Roca,Argentina,
P00132,Andrés Ruiz,30-12345678-9,Tecnología,Responsable inscripto,Andrés Ruiz,andres.ruiz@empresa.tuv,0567-8901,S.A.,50488.0,22/10/2022,509100,General Roca,Argentina,
P00133,Daniela Fernández,27-23456789-4,Energía eólica,Monotributista,Daniela Fernández,daniela.fernandez@empresa.uvw,0678-9012,Sociedad Anónima,127726.0,7/02/2020,501400,Junín,Argentina,
P00133,Daniela Fernández,27-23456789-4,Energía eólica,Monotributista,Daniela Fernández,daniela.fernandez@empresa.uvw,0678-9012,Sociedad Anónima,102297.0,7/05/2020,501400,Junín,Argentina,
P00133,Daniela Fernández,27-23456789-4,Energía eólica,Monotributista,Daniela Fernández,daniela.fernandez@empresa.uvw,0678-9012,Sociedad Anónima,150974.0,7/08/2020,501400,Junín,Argentina,
P00133,Daniela Fernández,27-23456789-4,Energía eólica,Monotributista,Daniela Fernández,daniela.fernandez@empresa.uvw,0678-9012,Sociedad Anónima,256144.0,28/12/2020,501400,Junín,Argentina,
P00133,Daniela Fernández,27-23456789-4,Energía eólica,Monotributista,Daniela Fernández,daniela.fernandez@empresa.uvw,0678-9012,Sociedad Anónima,31099.0,10/01/2021,501400,Junín,Argentina,
P00133,Daniela Fernández,27-23456789-4,Energía eólica,Monotributista,Daniela Fernández,daniela.fernandez@empresa.uvw,0678-9012,Sociedad Anónima,194151.0,25/09/2022,501400,Junín,Argentina,
P00133,Daniela Fernández,27-23456789-4,Energía eólica,Monotributista,Daniela Fernández,daniela.fernandez@empresa.uvw,0678-9012,Sociedad Anónima,126804.0,25/10/2022,501400,Junín,Argentina,
P00134,Luis Gómez,23-34567890-7,Construcción,Responsable inscripto,Luis Gómez,luis.gomez@empresa.xyz,0789-0123,S.R.L.,243396.0,10/02/2020,516000,Buenos Aires,Argentina,
P00134,Luis Gómez,23-34567890-7,Construcción,Responsable inscripto,Luis Gómez,luis.gomez@empresa.xyz,0789-0123,S.R.L.,24358.0,10/05/2020,516000,Buenos Aires,Argentina,
P00134,Luis Gómez,23-34567890-7,Construcción,Responsable inscripto,Luis Gómez,luis.gomez@empresa.xyz,0789-0123,S.R.L.,60625.0,10/08/2020,516000,Buenos Aires,Argentina,
P00134,Luis Gómez,23-34567890-7,Construcción,Responsable inscripto,Luis Gómez,luis.gomez@empresa.xyz,0789-0123,S.R.L.,161646.0,1/10/2020,516000,Buenos Aires,Argentina,
P00134,Luis Gómez,23-34567890-7,Construcción,Responsable inscripto,Luis Gómez,luis.gomez@empresa.xyz,0789-0123,S.R.L.,135225.0,1/01/2021,516000,Buenos Aires,Argentina,
P00134,Luis Gómez,23-34567890-7,Construcción,Responsable inscripto,Luis Gómez,luis.gomez@empresa.xyz,0789-0123,S.R.L.,249165.0,13/01/2021,516000,Buenos Aires,Argentina,
P00134,Luis Gómez,23-34567890-7,Construcción,Responsable inscripto,Luis Gómez,luis.gomez@empresa.xyz,0789-0123,S.R.L.,219837.0,28/09/2022,516000,Buenos Aires,Argentina,
P00134,Luis Gómez,23-34567890-7,Construcción,Responsable inscripto,Luis Gómez,luis.gomez@empresa.xyz,0789-0123,S.R.L.,173152.0,28/01/2021,516000,Buenos Aires,Argentina,
P00135,Marcela Jiménez,33-45678901-8,Agroindustria,Monotributista,Marcela Jiménez,marcela.jimenez@empresa.abc,0890-1234,Cooperativa,46325.0,13/02/2020,507100,Rafaela,Argentina,
P00135,Marcela Jiménez,33-45678901-8,Agroindustria,Monotributista,Marcela Jiménez,marcela.jimenez@empresa.abc,0890-1234,Cooperativa,165797.0,13/05/2020,507100,Rafaela,Argentina,
P00135,Marcela Jiménez,33-45678901-8,Agroindustria,Monotributista,Marcela Jiménez,marcela.jimenez@empresa.abc,0890-1234,Cooperativa,294815.0,13/08/2020,507100,Rafaela,Argentina,
P00135,Marcela Jiménez,33-45678901-8,Agroindustria,Monotributista,Marcela Jiménez,marcela.jimenez@empresa.abc,0890-1234,Cooperativa,57988.0,4/10/2020,507100,Rafaela,Argentina,
P00135,Marcela Jiménez,33-45678901-8,Agroindustria,Monotributista,Marcela Jiménez,marcela.jimenez@empresa.abc,0890-1234,Cooperativa,89516.0,4/01/2021,507100,Rafaela,Argentina,
P00135,Marcela Jiménez,33-45678901-8,Agroindustria,Monotributista,Marcela Jiménez,marcela.jimenez@empresa.abc,0890-1234,Cooperativa,281214.0,16/01/2021,507100,Rafaela,Argentina,
P00135,Marcela Jiménez,33-45678901-8,Agroindustria,Monotributista,Marcela Jiménez,marcela.jimenez@empresa.abc,0890-1234,Cooperativa,225311.0,1/10/2022,507100,Rafaela,Argentina,
P00135,Marcela Jiménez,33-45678901-8,Agroindustria,Monotributista,Marcela Jiménez,marcela.jimenez@empresa.abc,0890-1234,Cooperativa,170553.0,1/02/2021,507100,Rafaela,Argentina,
P00136,Roberto Díaz,20-56789012-3,Tecnología,Responsable inscripto,Roberto Díaz,roberto.diaz@empresa.def,0912-3456,S.A.,220987.0,16/02/2020,509100,Rio Gallegos,Argentina,
P00136,Roberto Díaz,20-56789012-3,Tecnología,Responsable inscripto,Roberto Díaz,roberto.diaz@empresa.def,0912-3456,S.A.,260964.0,16/05/2020,509100,Rio Gallegos,Argentina,
P00136,Roberto Díaz,20-56789012-3,Tecnología,Responsable inscripto,Roberto Díaz,roberto.diaz@empresa.def,0912-3456,S.A.,45468.0,16/08/2020,509100,Rio Gallegos,Argentina,
P00136,Roberto Díaz,20-56789012-3,Tecnología,Responsable inscripto,Roberto Díaz,roberto.diaz@empresa.def,0912-3456,S.A.,135113.0,7/10/2020,509100,Rio Gallegos,Argentina,
P00136,Roberto Díaz,20-56789012-3,Tecnología,Responsable inscripto,Roberto Díaz,roberto.diaz@empresa.def,0912-3456,S.A.,148154.0,19/01/2021,509100,Rio Gallegos,Argentina,
P00136,Roberto Díaz,20-56789012-3,Tecnología,Responsable inscripto,Roberto Díaz,roberto.diaz@empresa.def,0912-3456,S.A.,247527.0,4/10/2022,509100,Rio Gallegos,Argentina,
P00136,Roberto Díaz,20-56789012-3,Tecnología,Responsable inscripto,Roberto Díaz,roberto.diaz@empresa.def,0912-3456,S.A.,212736.0,4/02/2021,509100,Rio Gallegos,Argentina,
P00137,Camila Martínez,30-67890123-4,Energía solar,Monotributista,Camila Martínez,camila.martinez@empresa.ghi,0123-4567,S.R.L.,221445.0,19/02/2020,501400,Buenos Aires,Argentina,
P00137,Camila Martínez,30-67890123-4,Energía solar,Monotributista,Camila Martínez,camila.martinez@empresa.ghi,0123-4567,S.R.L.,228513.0,19/05/2020,501400,Buenos Aires,Argentina,
P00137,Camila Martínez,30-67890123-4,Energía solar,Monotributista,Camila Martínez,camila.martinez@empresa.ghi,0123-4567,S.R.L.,247726.0,19/08/2020,501400,Buenos Aires,Argentina,
P00137,Camila Martínez,30-67890123-4,Energía solar,Monotributista,Camila Martínez,camila.martinez@empresa.ghi,0123-4567,S.R.L.,295302.0,10/10/2020,501400,Buenos Aires,Argentina,
P00137,Camila Martínez,30-67890123-4,Energía solar,Monotributista,Camila Martínez,camila.martinez@empresa.ghi,0123-4567,S.R.L.,217867.0,22/01/2021,501400,Buenos Aires,Argentina,
P00137,Camila Martínez,30-67890123-4,Energía solar,Monotributista,Camila Martínez,camila.martinez@empresa.ghi,0123-4567,S.R.L.,223875.0,7/10/2022,501400,Buenos Aires,Argentina,
P00137,Camila Martínez,30-67890123-4,Energía solar,Monotributista,Camila Martínez,camila.martinez@empresa.ghi,0123-4567,S.R.L.,151708.0,7/02/2021,501400,Buenos Aires,Argentina,
P00138,Santiago López,27-78901234-6,Transporte,Responsable inscripto,Santiago López,santiago.lopez@empresa.jkl,0345-6789,Sociedad Anónima,94895.0,22/02/2020,502100,Mendoza,Argentina,
P00138,Santiago López,27-78901234-6,Transporte,Responsable inscripto,Santiago López,santiago.lopez@empresa.jkl,0345-6789,Sociedad Anónima,91564.0,22/05/2020,502100,Mendoza,Argentina,
P00138,Santiago López,27-78901234-6,Transporte,Responsable inscripto,Santiago López,santiago.lopez@empresa.jkl,0345-6789,Sociedad Anónima,175561.0,22/08/2020,502100,Mendoza,Argentina,
P00138,Santiago López,27-78901234-6,Transporte,Responsable inscripto,Santiago López,santiago.lopez@empresa.jkl,0345-6789,Sociedad Anónima,73794.0,13/10/2020,502100,Mendoza,Argentina,
P00138,Santiago López,27-78901234-6,Transporte,Responsable inscripto,Santiago López,santiago.lopez@empresa.jkl,0345-6789,Sociedad Anónima,73794.0,25/01/2021,502100,Mendoza,Argentina,
P00138,Santiago López,27-78901234-6,Transporte,Responsable inscripto,Santiago López,santiago.lopez@empresa.jkl,0345-6789,Sociedad Anónima,148032.0,10/10/2022,502100,Mendoza,Argentina,
P00138,Santiago López,27-78901234-6,Transporte,Responsable inscripto,Santiago López,santiago.lopez@empresa.jkl,0345-6789,Sociedad Anónima,279688.0,10/02/2021,502100,Mendoza,Argentina,
P00139,Fernanda García,23-89012345-9,Construcción,Monotributista,Fernanda García,fernanda.garcia@empresa.mno,0456-7890,S.R.L.,139765.0,25/02/2020,516000,Cordoba,Argentina,
P00139,Fernanda García,23-89012345-9,Construcción,Monotributista,Fernanda García,fernanda.garcia@empresa.mno,0456-7890,S.R.L.,143944.0,25/05/2020,516000,Cordoba,Argentina,
P00139,Fernanda García,23-89012345-9,Construcción,Monotributista,Fernanda García,fernanda.garcia@empresa.mno,0456-7890,S.R.L.,158384.0,25/08/2020,516000,Cordoba,Argentina,
P00139,Fernanda García,23-89012345-9,Construcción,Monotributista,Fernanda García,fernanda.garcia@empresa.mno,0456-7890,S.R.L.,106432.0,16/10/2020,516000,Cordoba,Argentina,
P00139,Fernanda García,23-89012345-9,Construcción,Monotributista,Fernanda García,fernanda.garcia@empresa.mno,0456-7890,S.R.L.,106432.0,28/01/2021,516000,Cordoba,Argentina,
P00139,Fernanda García,23-89012345-9,Construcción,Monotributista,Fernanda García,fernanda.garcia@empresa.mno,0456-7890,S.R.L.,42668.0,13/10/2022,516000,Cordoba,Argentina,
P00139,Fernanda García,23-89012345-9,Construcción,Monotributista,Fernanda García,fernanda.garcia@empresa.mno,0456-7890,S.R.L.,72059.0,13/02/2021,516000,Cordoba,Argentina,
P00140,Nicolás Castillo,33-90123456-0,Agroindustria,Responsable inscripto,Nicolás Castillo,nicolas.castillo@empresa.pqr,0567-8901,Cooperativa,248599.0,28/02/2020,507100,Rosario,Argentina,
P00140,Nicolás Castillo,33-90123456-0,Agroindustria,Responsable inscripto,Nicolás Castillo,nicolas.castillo@empresa.pqr,0567-8901,Cooperativa,159738.0,28/05/2020,507100,Rosario,Argentina,
P00140,Nicolás Castillo,33-90123456-0,Agroindustria,Responsable inscripto,Nicolás Castillo,nicolas.castillo@empresa.pqr,0567-8901,Cooperativa,122240.0,28/08/2020,507100,Rosario,Argentina,
P00140,Nicolás Castillo,33-90123456-0,Agroindustria,Responsable inscripto,Nicolás Castillo,nicolas.castillo@empresa.pqr,0567-8901,Cooperativa,90675.0,19/10/2020,507100,Rosario,Argentina,
P00140,Nicolás Castillo,33-90123456-0,Agroindustria,Responsable inscripto,Nicolás Castillo,nicolas.castillo@empresa.pqr,0567-8901,Cooperativa,90675.0,1/02/2021,507100,Rosario,Argentina,
P00140,Nicolás Castillo,33-90123456-0,Agroindustria,Responsable inscripto,Nicolás Castillo,nicolas.castillo@empresa.pqr,0567-8901,Cooperativa,81679.0,16/10/2022,507100,Rosario,Argentina,
P00140,Nicolás Castillo,33-90123456-0,Agroindustria,Responsable inscripto,Nicolás Castillo,nicolas.castillo@empresa.pqr,0567-8901,Cooperativa,117043.0,16/02/2021,507100,Rosario,Argentina,
P00141,Juliana Pérez,20-01234567-4,Consultoría,Monotributista,Juliana Pérez,juliana.perez@empresa.stu,0678-9012,S.R.L.,130696.0,2/03/2020,501400,San Juan,Argentina,
P00141,Juliana Pérez,20-01234567-4,Consultoría,Monotributista,Juliana Pérez,juliana.perez@empresa.stu,0678-9012,S.R.L.,207725.0,1/06/2020,501400,San Juan,Argentina,
P00141,Juliana Pérez,20-01234567-4,Consultoría,Monotributista,Juliana Pérez,juliana.perez@empresa.stu,0678-9012,S.R.L.,121055.0,1/09/2020,501400,San Juan,Argentina,
P00141,Juliana Pérez,20-01234567-4,Consultoría,Monotributista,Juliana Pérez,juliana.perez@empresa.stu,0678-9012,S.R.L.,252093.0,22/10/2020,501400,San Juan,Argentina,
P00141,Juliana Pérez,20-01234567-4,Consultoría,Monotributista,Juliana Pérez,juliana.perez@empresa.stu,0678-9012,S.R.L.,252093.0,4/02/2021,501400,San Juan,Argentina,
P00141,Juliana Pérez,20-01234567-4,Consultoría,Monotributista,Juliana Pérez,juliana.perez@empresa.stu,0678-9012,S.R.L.,280320.0,19/10/2022,501400,San Juan,Argentina,
P00141,Juliana Pérez,20-01234567-4,Consultoría,Monotributista,Juliana Pérez,juliana.perez@empresa.stu,0678-9012,S.R.L.,11442.0,19/02/2021,501400,San Juan,Argentina,
P00142,Diego Fernández,30-12345678-5,Tecnología,Responsable inscripto,Diego Fernández,diego.fernandez@empresa.uvw,0789-0123,S.A.,88206.0,5/03/2020,509100,San Rafael,Argentina,
P00142,Diego Fernández,30-12345678-5,Tecnología,Responsable inscripto,Diego Fernández,diego.fernandez@empresa.uvw,0789-0123,S.A.,103821.0,4/06/2020,509100,San Rafael,Argentina,
P00142,Diego Fernández,30-12345678-5,Tecnología,Responsable inscripto,Diego Fernández,diego.fernandez@empresa.uvw,0789-0123,S.A.,52184.0,4/09/2020,509100,San Rafael,Argentina,
P00142,Diego Fernández,30-12345678-5,Tecnología,Responsable inscripto,Diego Fernández,diego.fernandez@empresa.uvw,0789-0123,S.A.,85168.0,25/10/2020,509100,San Rafael,Argentina,
P00142,Diego Fernández,30-12345678-5,Tecnología,Responsable inscripto,Diego Fernández,diego.fernandez@empresa.uvw,0789-0123,S.A.,85168.0,7/02/2021,509100,San Rafael,Argentina,
P00142,Diego Fernández,30-12345678-5,Tecnología,Responsable inscripto,Diego Fernández,diego.fernandez@empresa.uvw,0789-0123,S.A.,34695.0,22/10/2022,509100,San Rafael,Argentina,
P00142,Diego Fernández,30-12345678-5,Tecnología,Responsable inscripto,Diego Fernández,diego.fernandez@empresa.uvw,0789-0123,S.A.,10587.0,22/09/2022,509100,San Rafael,Argentina,
P00143,Mariana Gómez,27-23456789-6,Energía eólica,Monotributista,Mariana Gómez,mariana.gomez@empresa.xyz,0890-1234,Sociedad Anónima,255727.0,8/03/2020,501400,Posadas,Argentina,
P00143,Mariana Gómez,27-23456789-6,Energía eólica,Monotributista,Mariana Gómez,mariana.gomez@empresa.xyz,0890-1234,Sociedad Anónima,253296.0,7/06/2020,501400,Posadas,Argentina,
P00143,Mariana Gómez,27-23456789-6,Energía eólica,Monotributista,Mariana Gómez,mariana.gomez@empresa.xyz,0890-1234,Sociedad Anónima,200021.0,7/09/2020,501400,Posadas,Argentina,
P00143,Mariana Gómez,27-23456789-6,Energía eólica,Monotributista,Mariana Gómez,mariana.gomez@empresa.xyz,0890-1234,Sociedad Anónima,278387.0,28/10/2020,501400,Posadas,Argentina,
P00143,Mariana Gómez,27-23456789-6,Energía eólica,Monotributista,Mariana Gómez,mariana.gomez@empresa.xyz,0890-1234,Sociedad Anónima,278387.0,10/02/2021,501400,Posadas,Argentina,
P00143,Mariana Gómez,27-23456789-6,Energía eólica,Monotributista,Mariana Gómez,mariana.gomez@empresa.xyz,0890-1234,Sociedad Anónima,82635.0,25/10/2022,501400,Posadas,Argentina,
P00143,Mariana Gómez,27-23456789-6,Energía eólica,Monotributista,Mariana Gómez,mariana.gomez@empresa.xyz,0890-1234,Sociedad Anónima,13020.0,25/09/2022,501400,Posadas,Argentina,
P00144,Manuel Rodríguez,23-34567890-1,Construcción,Responsable inscripto,Manuel Rodríguez,manuel.rodriguez@empresa.def,0912-3456,S.R.L.,295728.0,11/03/2020,516000,Bahía Blanca,Argentina,
P00144,Manuel Rodríguez,23-34567890-1,Construcción,Responsable inscripto,Manuel Rodríguez,manuel.rodriguez@empresa.def,0912-3456,S.R.L.,201749.0,10/06/2020,516000,Bahía Blanca,Argentina,
P00144,Manuel Rodríguez,23-34567890-1,Construcción,Responsable inscripto,Manuel Rodríguez,manuel.rodriguez@empresa.def,0912-3456,S.R.L.,269410.0,10/09/2020,516000,Bahía Blanca,Argentina,
P00144,Manuel Rodríguez,23-34567890-1,Construcción,Responsable inscripto,Manuel Rodríguez,manuel.rodriguez@empresa.def,0912-3456,S.R.L.,156276.0,1/11/2020,516000,Bahía Blanca,Argentina,
P00144,Manuel Rodríguez,23-34567890-1,Construcción,Responsable inscripto,Manuel Rodríguez,manuel.rodriguez@empresa.def,0912-3456,S.R.L.,156276.0,13/02/2021,516000,Bahía Blanca,Argentina,
P00144,Manuel Rodríguez,23-34567890-1,Construcción,Responsable inscripto,Manuel Rodríguez,manuel.rodriguez@empresa.def,0912-3456,S.R.L.,124428.0,28/01/2021,516000,Bahía Blanca,Argentina,
P00144,Manuel Rodríguez,23-34567890-1,Construcción,Responsable inscripto,Manuel Rodríguez,manuel.rodriguez@empresa.def,0912-3456,S.R.L.,217800.0,28/09/2022,516000,Bahía Blanca,Argentina,
P00145,Clara Jiménez,33-45678901-2,Agroindustria,Monotributista,Clara Jiménez,clara.jimenez@empresa.ghi,0123-6789,Cooperativa,59893.0,14/03/2020,507100,Resistencia,Argentina,
P00145,Clara Jiménez,33-45678901-2,Agroindustria,Monotributista,Clara Jiménez,clara.jimenez@empresa.ghi,0123-6789,Cooperativa,43682.0,13/06/2020,507100,Resistencia,Argentina,
P00145,Clara Jiménez,33-45678901-2,Agroindustria,Monotributista,Clara Jiménez,clara.jimenez@empresa.ghi,0123-6789,Cooperativa,228649.0,13/09/2020,507100,Resistencia,Argentina,
P00145,Clara Jiménez,33-45678901-2,Agroindustria,Monotributista,Clara Jiménez,clara.jimenez@empresa.ghi,0123-6789,Cooperativa,28845.0,4/11/2020,507100,Resistencia,Argentina,
P00145,Clara Jiménez,33-45678901-2,Agroindustria,Monotributista,Clara Jiménez,clara.jimenez@empresa.ghi,0123-6789,Cooperativa,28845.0,16/02/2021,507100,Resistencia,Argentina,
P00145,Clara Jiménez,33-45678901-2,Agroindustria,Monotributista,Clara Jiménez,clara.jimenez@empresa.ghi,0123-6789,Cooperativa,61059.0,1/02/2021,507100,Resistencia,Argentina,
P00145,Clara Jiménez,33-45678901-2,Agroindustria,Monotributista,Clara Jiménez,clara.jimenez@empresa.ghi,0123-6789,Cooperativa,268049.0,1/10/2022,507100,Resistencia,Argentina,
P00146,Eduardo Reyes,20-56789012-5,Tecnología,Responsable inscripto,Eduardo Reyes,eduardo.reyes@empresa.jkl,0345-6789,S.A.,44782.0,17/03/2020,509100,Formosa,Argentina,
P00146,Eduardo Reyes,20-56789012-5,Tecnología,Responsable inscripto,Eduardo Reyes,eduardo.reyes@empresa.jkl,0345-6789,S.A.,36878.0,16/06/2020,509100,Formosa,Argentina,
P00146,Eduardo Reyes,20-56789012-5,Tecnología,Responsable inscripto,Eduardo Reyes,eduardo.reyes@empresa.jkl,0345-6789,S.A.,47698.0,16/09/2020,509100,Formosa,Argentina,
P00146,Eduardo Reyes,20-56789012-5,Tecnología,Responsable inscripto,Eduardo Reyes,eduardo.reyes@empresa.jkl,0345-6789,S.A.,298913.0,7/11/2020,509100,Formosa,Argentina,
P00146,Eduardo Reyes,20-56789012-5,Tecnología,Responsable inscripto,Eduardo Reyes,eduardo.reyes@empresa.jkl,0345-6789,S.A.,11442.0,19/02/2021,509100,Formosa,Argentina,
P00146,Eduardo Reyes,20-56789012-5,Tecnología,Responsable inscripto,Eduardo Reyes,eduardo.reyes@empresa.jkl,0345-6789,S.A.,183119.0,4/02/2021,509100,Formosa,Argentina,
P00146,Eduardo Reyes,20-56789012-5,Tecnología,Responsable inscripto,Eduardo Reyes,eduardo.reyes@empresa.jkl,0345-6789,S.A.,229698.0,4/10/2022,509100,Formosa,Argentina,
P00147,Laura Castillo,30-67890123-6,Energía solar,Monotributista,Laura Castillo,laura.castillo@empresa.mno,0456-7890,S.R.L.,195892.0,20/03/2020,501400,Santiago del Estero,Argentina,
P00147,Laura Castillo,30-67890123-6,Energía solar,Monotributista,Laura Castillo,laura.castillo@empresa.mno,0456-7890,S.R.L.,113452.0,19/06/2020,501400,Santiago del Estero,Argentina,
P00147,Laura Castillo,30-67890123-6,Energía solar,Monotributista,Laura Castillo,laura.castillo@empresa.mno,0456-7890,S.R.L.,20782.0,19/09/2020,501400,Santiago del Estero,Argentina,
P00147,Laura Castillo,30-67890123-6,Energía solar,Monotributista,Laura Castillo,laura.castillo@empresa.mno,0456-7890,S.R.L.,10509.0,10/11/2020,501400,Santiago del Estero,Argentina,
P00147,Laura Castillo,30-67890123-6,Energía solar,Monotributista,Laura Castillo,laura.castillo@empresa.mno,0456-7890,S.R.L.,10587.0,22/02/2021,501400,Santiago del Estero,Argentina,
P00147,Laura Castillo,30-67890123-6,Energía solar,Monotributista,Laura Castillo,laura.castillo@empresa.mno,0456-7890,S.R.L.,202693.0,7/02/2021,501400,Santiago del Estero,Argentina,
P00147,Laura Castillo,30-67890123-6,Energía solar,Monotributista,Laura Castillo,laura.castillo@empresa.mno,0456-7890,S.R.L.,102297.0,7/10/2022,501400,Santiago del Estero,Argentina,
P00148,Alejandro Rivas,27-78901234-9,Transporte,Responsable inscripto,Alejandro Rivas,alejandro.rivas@empresa.pqr,0567-8901,Sociedad Anónima,108357.0,23/03/2020,502100,Río Cuarto,Argentina,
P00148,Alejandro Rivas,27-78901234-9,Transporte,Responsable inscripto,Alejandro Rivas,alejandro.rivas@empresa.pqr,0567-8901,Sociedad Anónima,280161.0,22/06/2020,502100,Río Cuarto,Argentina,
P00148,Alejandro Rivas,27-78901234-9,Transporte,Responsable inscripto,Alejandro Rivas,alejandro.rivas@empresa.pqr,0567-8901,Sociedad Anónima,138216.0,22/09/2020,502100,Río Cuarto,Argentina,
P00148,Alejandro Rivas,27-78901234-9,Transporte,Responsable inscripto,Alejandro Rivas,alejandro.rivas@empresa.pqr,0567-8901,Sociedad Anónima,239084.0,13/11/2020,502100,Río Cuarto,Argentina,
P00148,Alejandro Rivas,27-78901234-9,Transporte,Responsable inscripto,Alejandro Rivas,alejandro.rivas@empresa.pqr,0567-8901,Sociedad Anónima,13020.0,25/02/2021,502100,Río Cuarto,Argentina,
P00148,Alejandro Rivas,27-78901234-9,Transporte,Responsable inscripto,Alejandro Rivas,alejandro.rivas@empresa.pqr,0567-8901,Sociedad Anónima,26156.0,10/02/2021,502100,Río Cuarto,Argentina,
P00148,Alejandro Rivas,27-78901234-9,Transporte,Responsable inscripto,Alejandro Rivas,alejandro.rivas@empresa.pqr,0567-8901,Sociedad Anónima,24358.0,10/10/2022,502100,Río Cuarto,Argentina,
P00149,Verónica Martínez,23-89012346-2,Construcción,Monotributista,Verónica Martínez,veronica.martinez@empresa.stu,0678-9012,S.R.L.,221537.0,26/03/2020,516000,Buenos Aires,Argentina,
P00149,Verónica Martínez,23-89012346-2,Construcción,Monotributista,Verónica Martínez,veronica.martinez@empresa.stu,0678-9012,S.R.L.,164567.0,25/06/2020,516000,Buenos Aires,Argentina,
P00149,Verónica Martínez,23-89012346-2,Construcción,Monotributista,Verónica Martínez,veronica.martinez@empresa.stu,0678-9012,S.R.L.,91071.0,25/09/2020,516000,Buenos Aires,Argentina,
P00149,Verónica Martínez,23-89012346-2,Construcción,Monotributista,Verónica Martínez,veronica.martinez@empresa.stu,0678-9012,S.R.L.,98759.0,16/11/2020,516000,Buenos Aires,Argentina,
P00149,Verónica Martínez,23-89012346-2,Construcción,Monotributista,Verónica Martínez,veronica.martinez@empresa.stu,0678-9012,S.R.L.,217800.0,28/02/2021,516000,Buenos Aires,Argentina,
P00149,Verónica Martínez,23-89012346-2,Construcción,Monotributista,Verónica Martínez,veronica.martinez@empresa.stu,0678-9012,S.R.L.,295351.0,13/02/2021,516000,Buenos Aires,Argentina,
P00149,Verónica Martínez,23-89012346-2,Construcción,Monotributista,Verónica Martínez,veronica.martinez@empresa.stu,0678-9012,S.R.L.,165797.0,13/10/2022,516000,Buenos Aires,Argentina,
P00150,Gabriel López,33-90123456-3,Agroindustria,Responsable inscripto,Gabriel López,gabriel.lopez@empresa.uvw,0789-0123,Cooperativa,277194.0,29/03/2020,507100,Villa María,Argentina,
P00150,Gabriel López,33-90123456-3,Agroindustria,Responsable inscripto,Gabriel López,gabriel.lopez@empresa.uvw,0789-0123,Cooperativa,137527.0,28/06/2020,507100,Villa María,Argentina,
P00150,Gabriel López,33-90123456-3,Agroindustria,Responsable inscripto,Gabriel López,gabriel.lopez@empresa.uvw,0789-0123,Cooperativa,157821.0,28/09/2020,507100,Villa María,Argentina,
P00150,Gabriel López,33-90123456-3,Agroindustria,Responsable inscripto,Gabriel López,gabriel.lopez@empresa.uvw,0789-0123,Cooperativa,22735.0,19/11/2020,507100,Villa María,Argentina,
P00150,Gabriel López,33-90123456-3,Agroindustria,Responsable inscripto,Gabriel López,gabriel.lopez@empresa.uvw,0789-0123,Cooperativa,268049.0,1/03/2021,507100,Villa María,Argentina,
P00150,Gabriel López,33-90123456-3,Agroindustria,Responsable inscripto,Gabriel López,gabriel.lopez@empresa.uvw,0789-0123,Cooperativa,195051.0,16/02/2021,507100,Villa María,Argentina,
P00150,Gabriel López,33-90123456-3,Agroindustria,Responsable inscripto,Gabriel López,gabriel.lopez@empresa.uvw,0789-0123,Cooperativa,260964.0,16/10/2022,507100,Villa María,Argentina,
P00038,Laura Fernández,30-98765437-1,Servicios,Monotributista,Laura Fernández,laura.fernandez@empresa.zom,8901-2345,S.R.L.,,2/6/24/,509100,Villa Allende,Argentina,
P00100,Gabriela Morales,30-98765437-1,Materiales,Monotributista,Gabriela Morales,gabriela.morales@empresa.zom,0123-4567,S.R.L.,,31/1/24/,503100,Rio Gallegos,Argentina,
P00067,Estudio Jurídico S.A.,30-98765437-1,Materiales,Responsable inscripto,Estudio Jurídico,estudio.juridico@correo.com,7890-1234,S.A.,,13/5/24/,509100,Bahía Blanca,Argentina,
P00002,Pedro González,30-98765437-1,Servicios,Monotributista,Pedro González,pedro.gonzalez@correo.zom,2345-6789,S.R.L.,,8/2/24/,503100,Formosa,Argentina,
P00092,Consultora Zeta,30-98765437-1,Servicios,Monotributista,Consultora Zeta,consultora.zeta@empresa.zom,2345-6789,S.R.L.,,19/1/24/,516000,Luján,Argentina,
P00080,Consultora Beta SRL,30-98765437-1,Servicios,Monotributista,Consultora Beta,consultora.beta@correo.zom,0123-4567,S.R.L.,,12/1/24/,514100,Buenos Aires,Argentina,
D00030,Constructora Beta,30-98765437-1,Servicios,Responsable inscripto,Ricardo Martínez,ricardo.martinez@empresa.zom,0123-4567,S.R.L.,,7/1/24/,503100,Buenos Aires,Argentina,
P00060,Roberto Pérez,30-98765437-1,Agente impositivo,Monotributista,Roberto Pérez,roberto.perez@correo.zom,0123-4567,S.R.L.,,27/2/24/,503100,Cordoba,Argentina,
P00073,Andrés García,30-98765437-1,Materiales,Responsable inscripto,Andrés García,andres.garcia@correo.zom,3456-7890,S.A.,,13/6/24/,509100,Mendoza,Argentina,
P00027,Compañía Zeta,30-98765437-1,Servicios,Responsable inscripto,Ana García,ana.garcia@empresa.com,7890-1234,S.A.,,29/2/24/,514100,Río Grande,Argentina,
P00010,Soluciones Gama,30-98765437-1,Servicios,Responsable inscripto,Javier Martínez,javier.martinez@empresa.com,0123-4567,S.R.L.,,28/1/24/,514100,San Fernando,Argentina,
P00012,Proveedor Ltda.,30-98765437-1,Servicios,Responsable inscripto,Natalia Gómez,natalia.gomez@empresa.com,2345-6789,S.R.L.,,9/4/24/,501400,Chaco,Argentina,
P00075,Servicios Alpha S.A.,30-98765437-1,Servicios,Responsable inscripto,Servicios Alpha,servicios.alpha@correo.zom,5678-9012,S.A.,,3/5/24/,516000,Mendoza,Argentina,
P00005,Carlos Méndez,30-98765437-1,Servicios,Monotributista,Carlos Méndez,carlos.mendez@correo.com,5678-9012,S.A.,,14/4/24/,516000,Luján,Argentina,
P00033,Servicios & Co.,30-98765437-1,Servicios,Monotributista,Gabriela Sánchez,gabriela.sanchez@correo.zom,3456-7890,S.A.,,29/1/24/,514100,Merlo,Argentina,
P00094,Gabriela Martínez,30-98765437-1,Agente impositivo,Monotributista,Gabriela Martínez,gabriela.martinez@empresa.zom,4567-8901,S.R.L.,,21/3/24/,503100,General Roca,Argentina,
P00079,Ana Morales,30-98765437-1,Agente impositivo,Responsable inscripto,Ana Morales,ana.morales@correo.zom,9012-3456,S.A.A,,21/5/24/,509100,Villa Carlos Paz,Argentina,
P00072,Estudio Consultores,30-98765437-1,Servicios,Monotributista,Estudio Consultores,estudio.consultores@empresa.zom,2345-6789,S.R.L.,,6/2/24/,506100,Bahía Blanca,Argentina,
P00082,Gabriela Torres,30-98765437-1,Servicios,Monotributista,Gabriela Torres,gabriela.torres@correo.com,2345-6789,S.R.L.,,15/2/24/,503100,Cordoba,Argentina,
P00054,Claudia Ruiz,30-98765437-1,Materiales,Monotributista,Claudia Ruiz,claudia.ruiz@empresa.zom,4567-8901,S.R.L.,,8/1/24/,503100,Villa Allende,Argentina,
P00043,Ricardo García,30-98765437-1,Agente impositivo,Monotributista,Ricardo García,ricardo.garcia@empresa.zom,3456-7890,S.A.,,15/4/24/,506100,Junín,Argentina,
P00049,Mariana García,30-98765437-1,Agente impositivo,Responsable inscripto,Mariana García,mariana.garcia@correo.com,9012-3456,S.A.,,23/2/24/,506100,Gualeguaychú,Argentina,
P00065,Servicios Beta,30-98765437-1,Materiales,Responsable inscripto,Laura Gómez,laura.gomez@empresa.zom,5678-9012,S.A.,,5/1/24/,503100,Buenos Aires,Argentina,
P00034,Empresas SRL,30-98765437-1,Materiales,Responsable inscripto,Ana López,ana.lopez@empresa.zom,4567-8901,S.R.L.,,2/3/24/,516000,Resistencia,Argentina,
P00099,Servicios Repuestos,30-98765437-1,Servicios,Responsable inscripto,Servicios Repuestos,servicios.repuestos@correo.com,9012-3456,S.A.,,3/6/24/,501400,Villa Allende,Argentina,
P00057,Consultora Beta,30-98765437-1,Agente impositivo,Responsable inscripto,Consultora Beta,consultora.beta@empresa.zom,7890-1234,S.A.,,12/4/24/,514100,Buenos Aires,Argentina,
P00055,Servicios Alpha,30-98765437-1,Servicios,Responsable inscripto,Servicios Alpha,servicios.alpha@correo.zom,5678-9012,S.A.,,15/3/24/,506100,Merlo,Argentina,
P00097,Proveedora Consultora,30-98765437-1,Servicios,Responsable inscripto,Proveedora Consultora,proveedora.consultora@empresa.zom,7890-1234,S.A.A,,16/3/24/,514100,Río Grande,Argentina,
P00008,Compañía Beta,30-98765437-1,Agente impositivo,Monotributista,Laura Martínez,laura.martinez@empresa.zom,8901-2345,S.R.L.,,12/6/24/,506100,Rawson,Argentina,
P00085,Estudio Consultores,30-98765437-1,Materiales,Responsable inscripto,Estudio Consultores,estudio.consultores@correo.com,5678-9012,S.A.A,,9/6/24/,514100,Chaco,Argentina,
P00018,Consultora Zeta,30-98765437-1,Servicios,Responsable inscripto,Laura Sánchez,laura.sanchez@empresa.zom,8901-2345,S.R.L.,,3/1/24/,501400,Chaco,Argentina,
P00070,Mariana López,30-98765437-1,Servicios,Monotributista,Mariana López,mariana.lopez@correo.zom,0123-4567,S.R.L.,,11/3/24/,501400,Buenos Aires,Argentina,
P00056,Repuestos S.A.,30-98765437-1,Materiales,Monotributista,Roberto Díaz,roberto.diaz@correo.zom,6789-0123,S.R.L.,,2/5/24/,509100,San Pedro,Argentina,
P00004,Servicios AB,30-98765437-1,Agente impositivo,Responsable inscripto,Laura Ruiz,laura.ruiz@correo.zom,4567-8901,S.R.L.,,9/3/24/,509100,San Martín,Argentina,
P00083,Proveedora Gamma,30-98765437-1,Materiales,Responsable inscripto,Proveedora Gamma,proveedora.gamma@empresa.zom,3456-7890,S.A.,,16/2/24/,506100,Santiago del Estero,Argentina,
P00074,Proveedora SRL,30-98765437-1,Agente impositivo,Monotributista,Proveedora SRL,proveedora.srl@correo.zom,4567-8901,S.R.L.,,10/5/24/,514100,Santa Fe,Argentina,
P00073,Andrés García,30-98765437-1,Materiales,Responsable inscripto,Andrés García,andres.garcia@correo.zom,3456-7890,S.A.,,18/3/24/,509100,Mendoza,Argentina,
D00037,Distribuciones AB,30-98765437-1,Materiales,Responsable inscripto,Gabriela Ruiz,gabriela.ruiz@correo.com,7890-1234,S.A.,,8/3/24/,506100,Posadas,Argentina,
P00014,Estudio Jurídico Alfa,30-98765437-1,Materiales,Responsable inscripto,María Hernández,maria.hernandez@correo.com,4567-8901,S.R.L.,,15/1/24/,506100,Oberá,Argentina,
P00076,Repuestos Beta S.A.,30-98765437-1,Servicios,Monotributista,Repuestos Beta,repuestos.beta@empresa.zom,6789-0123,S.R.L.,,10/5/24/,501400,Oberá,Argentina,
P00095,Servicios Consultores,30-98765437-1,Servicios,Responsable inscripto,Servicios Consultores,servicios.consultores@correo.com,5678-9012,S.A.,,28/6/24/,506100,Oberá,Argentina,
P00036,Consultora S.A.,30-98765437-1,Servicios,Responsable inscripto,Marcela Martínez,marcela.martinez@empresa.zom,6789-0123,S.R.L.,,4/1/24/,503100,San Nicolás,Argentina,
P00068,Roberto Morales,30-98765437-1,Agente impositivo,Monotributista,Roberto Morales,roberto.morales@correo.zom,8901-2345,S.R.L.,,27/3/24/,514100,Buenos Aires,Argentina,
P00060,Roberto Pérez,30-98765437-1,Agente impositivo,Monotributista,Roberto Pérez,roberto.perez@correo.zom,0123-4567,S.R.L.,,6/1/24/,506100,Río Grande,Argentina,
P00074,Proveedora SRL,30-98765437-1,Agente impositivo,Monotributista,Proveedora SRL,proveedora.srl@correo.zom,4567-8901,S.R.L.,,4/6/24/,514100,Buenos Aires,Argentina,
P00081,Estudio Jurídico Zeta,30-98765437-1,Servicios,Responsable inscripto,Estudio Jurídico,estudio.zeta@correo.zom,1234-5678,S.A.,,11/2/24/,501400,Viedma,Argentina,
P00026,Carlos López,30-98765437-1,Materiales,Monotributista,Carlos López,carlos.lopez@correo.com,6789-0123,S.R.L.,,9/1/24/,509100,San Miguel de Tucumán,Argentina,
P00086,Ana Gómez,30-98765437-1,Servicios,Monotributista,Ana Gómez,ana.gomez@empresa.zom,6789-0123,S.R.L.,,14/6/24/,516000,San Fernando,Argentina,
P00081,Estudio Jurídico Zeta,30-98765437-1,Servicios,Responsable inscripto,Estudio Jurídico,estudio.zeta@correo.zom,1234-5678,S.A.,,1/4/24/,501400,Buenos Aires,Argentina,
P00009,Fernando Gómez,30-98765437-1,Materiales,Responsable inscripto,Fernando Gómez,fernando.gomez@correo.zom,9012-3456,S.A.,,20/1/24/,509100,Calafate,Argentina,
P00007,Ana Sánchez,30-98765437-1,Servicios,Responsable inscripto,Ana Sánchez,ana.sanchez@correo.com,7890-1234,S.A.,,6/5/24/,503100,Rafaela,Argentina,
P00044,Grupo Beta,30-98765437-1,Servicios,Responsable inscripto,María Rodríguez,maria.rodriguez@correo.zom,4567-8901,S.R.L.,,20/3/24/,509100,Santiago del Estero,Argentina,
P00024,Mariana Rodríguez,30-98765437-1,Servicios,Monotributista,Mariana Rodríguez,mariana.rodriguez@correo.zom,4567-8901,S.R.L.,,2/4/24/,503100,Mendoza,Argentina,
P00086,Ana Gómez,30-98765437-1,Servicios,Monotributista,Ana Gómez,ana.gomez@empresa.zom,6789-0123,S.R.L.,,28/2/24/,516000,Calafate,Argentina,
P00077,Javier Rodríguez,30-98765437-1,Servicios,Responsable inscripto,Javier Rodríguez,javier.rodriguez@correo.com,7890-1234,S.A.,,22/3/24/,503100,General Roca,Argentina,
P00076,Repuestos Beta S.A.,30-98765437-1,Servicios,Monotributista,Repuestos Beta,repuestos.beta@empresa.zom,6789-0123,S.R.L.,,18/4/24/,501400,Buenos Aires,Argentina,
P00063,Grupo SRL,30-98765437-1,Agente impositivo,Responsable inscripto,Grupo SRL,grupo.srl@empresa.zom,3456-7890,S.R.L.,,22/2/24/,516000,San Fernando,Argentina,
P00015,Rosa Pérez,30-98765437-1,Agente impositivo,Responsable inscripto,Rosa Pérez,rosa.perez@correo.zom,5678-9012,S.A.,,24/5/24/,509100,Rafaela,Argentina,
D00011,Javier López,30-98765437-1,Agente impositivo,Monotributista,Javier López,javier.lopez@correo.zom,1234-5678,S.A.,,4/6/24/,516000,Mendoza,Argentina,
P00059,Proveedores SRL,30-98765437-1,Servicios,Responsable inscripto,Proveedores SRL,proveedores.srl@empresa.zom,9012-3456,S.R.L.,,29/1/24/,501400,Rio Gallegos,Argentina,
P00017,Julio Fernández,30-98765437-1,Materiales,Monotributista,Julio Fernández,julio.fernandez@correo.zom,7890-1234,S.A.,,1/5/24/,516000,Neuquén,Argentina,
P00045,Compañía Zeta,30-98765437-1,Materiales,Monotributista,Gabriela Torres,gabriela.torres@empresa.com,5678-9012,S.A.,,29/6/24/,514100,San Juan,Argentina,
P00020,Juegos del Norte,30-98765437-1,Materiales,Responsable inscripto,Pablo Fernández,pablo.fernandez@empresa.zom,0123-4567,S.R.L.,,17/3/24/,506100,Rosario,Argentina,
P00021,Distribuciones ABC,30-98765437-1,Servicios,Monotributista,Francisco Gómez,francisco.gomez@correo.zom,1234-5678,S.A.,,6/5/24/,509100,San Rafael,Argentina,
P00069,Proveedores Beta,30-98765437-1,Servicios,Responsable inscripto,Proveedores Beta,proveedores.beta@empresa.zom,9012-3456,S.A.,,21/6/24/,516000,San Rafael,Argentina,
P00097,Proveedora Consultora,30-98765437-1,Servicios,Responsable inscripto,Proveedora Consultora,proveedora.consultora@empresa.zom,7890-1234,S.A.A,,30/6/24/,514100,Buenos Aires,Argentina,
P00087,Consultora Zeta SRL,30-98765437-1,Servicios,Responsable inscripto,Consultora Zeta,consultora.zeta@correo.zom,7890-1234,S.R.L.,,6/3/24/,501400,Villa Carlos Paz,Argentina,
P00012,Proveedor Ltda.,30-98765437-1,Servicios,Responsable inscripto,Natalia Gómez,natalia.gomez@empresa.com,2345-6789,S.R.L.,,3/6/24/,501400,Buenos Aires,Argentina,
P00023,Inversiones Sigma,30-98765437-1,Servicios,Responsable inscripto,Carlos Jiménez,carlos.jimenez@empresa.com,3456-7890,S.A.,,12/1/24/,501400,Oberá,Argentina,
P00019,Ana López,30-98765437-1,Servicios,Responsable inscripto,Ana López,ana.lopez@correo.com,9012-3456,S.A.,,6/4/24/,503100,Rosario,Argentina,
P00082,Gabriela Torres,30-98765437-1,Servicios,Monotributista,Gabriela Torres,gabriela.torres@correo.com,2345-6789,S.R.L.,,16/5/24/,503100,Villa Allende,Argentina,
P00085,Estudio Consultores,30-98765437-1,Materiales,Responsable inscripto,Estudio Consultores,estudio.consultores@correo.com,5678-9012,S.A.A,,9/2/24/,514100,Villa María,Argentina,
P00077,Javier Rodríguez,30-98765437-1,Servicios,Responsable inscripto,Javier Rodríguez,javier.rodriguez@correo.com,7890-1234,S.A.,,20/4/24/,503100,Buenos Aires,Argentina,
P00093,Servicios Proveedores,30-98765437-1,Servicios,Responsable inscripto,Servicios Proveedores,servicios.proveedores@correo.zom,3456-7890,S.A.,,9/1/24/,501400,San Luis,Argentina,
P00083,Proveedora Gamma,30-98765437-1,Materiales,Responsable inscripto,Proveedora Gamma,proveedora.gamma@empresa.zom,3456-7890,S.A.,,12/2/24/,506100,Buenos Aires,Argentina,
P00003,Empresa XYZ,30-98765437-1,Materiales,Responsable inscripto,María López,maria.lopez@empresa.com,3456-7890,S.A.,,18/1/24/,506100,Rawson,Argentina,
P00051,Gabriela Morales,30-98765437-1,Materiales,Responsable inscripto,Gabriela Morales,gabriela.morales@correo.zom,1234-5678,S.A.,,17/3/24/,514100,San Juan,Argentina,
P00078,Servicios Gamma S.A.,30-98765437-1,Materiales,Monotributista,Servicios Gamma,servicios.gamma@correo.zom,8901-2345,S.R.L.,,8/4/24/,506100,Buenos Aires,Argentina,
P00058,Alejandro Martínez,30-98765437-1,Servicios,Monotributista,Alejandro Martínez,alejandro.martinez@correo.com,8901-2345,S.R.L.,,19/2/24/,516000,Villa María,Argentina,
P00064,Consultora S.A.S.,30-98765437-1,Servicios,Monotributista,Consultora S.A.S.,consultora@correo.com,4567-8901,S.R.L.,,29/2/24/,501400,San Juan,Argentina,
P00033,Servicios & Co.,30-98765437-1,Servicios,Monotributista,Gabriela Sánchez,gabriela.sanchez@correo.zom,3456-7890,S.A.,,29/3/24/,514100,Junín,Argentina,
P00006,Grupo Alfa,30-98765437-1,Servicios,Responsable inscripto,Alberto Fernández,alberto.fernandez@empresa.zom,6789-0123,S.R.L.,,9/1/24/,501400,Río Cuarto,Argentina,
P00093,Servicios Proveedores,30-98765437-1,Servicios,Responsable inscripto,Servicios Proveedores,servicios.proveedores@correo.zom,3456-7890,S.A.,,27/6/24/,501400,San Pedro,Argentina,
P00040,Javier Martínez,30-98765437-1,Materiales,Responsable inscripto,Javier Martínez,javier.martinez@correo.com,0123-4567,S.R.L.,,18/3/24/,516000,Santiago del Estero,Argentina,
P00061,Servicios Zeta S.A.,30-98765437-1,Servicios,Responsable inscripto,Servicios Zeta,servicios.zeta@empresa.com,1234-5678,S.A.,,14/2/24/,509100,Rio Gallegos,Argentina,
P00052,Pedro Sánchez,30-98765437-1,Agente impositivo,Monotributista,Pedro Sánchez,pedro.sanchez@correo.zom,2345-6789,S.R.L.,,18/2/24/,516000,Buenos Aires,Argentina,
P00079,Ana Morales,30-98765437-1,Agente impositivo,Responsable inscripto,Ana Morales,ana.morales@correo.zom,9012-3456,S.A.A,,30/5/24/,509100,San Fernando del Valle de Catamarca,Argentina,
P00009,Fernando Gómez,30-98765437-1,Materiales,Responsable inscripto,Fernando Gómez,fernando.gomez@correo.zom,9012-3456,S.A.,,6/3/24/,509100,Luján,Argentina,
P00032,Repuestos Zeta,30-98765437-1,Agente impositivo,Responsable inscripto,Roberto Ruiz,roberto.ruiz@empresa.zom,2345-6789,S.R.L.,,1/1/24/,509100,Río Cuarto,Argentina,
P00025,Servicios Delta,30-98765437-1,Agente impositivo,Responsable inscripto,Sergio García,sergio.garcia@empresa.zom,5678-9012,S.A.,,5/6/24/,506100,Villa Carlos Paz,Argentina,
P00098,Consultora Alpha,30-98765437-1,Materiales,Monotributista,Consultora Alpha,consultora.alpha@correo.zom,8901-2345,S.R.L.,,4/4/24/,516000,Bahía Blanca,Argentina,
P00066,Marta López,30-98765437-1,Servicios,Monotributista,Marta López,marta.lopez@correo.zom,6789-0123,S.R.L.,,13/3/24/,506100,Posadas,Argentina,
P00016,Marketing Global,30-98765437-1,Servicios,Responsable inscripto,Gabriela Gómez,gabriela.gomez@empresa.com,6789-0123,S.R.L.,,10/4/24/,514100,Viedma,Argentina,
P00089,Mariana Morales,30-98765437-1,Servicios,Responsable inscripto,Mariana Morales,mariana.morales@correo.com,9012-3456,S.A.,,25/1/24/,506100,Rafaela,Argentina,
D00053,Estudio Jurídico Zeta,30-98765437-1,Servicios,Responsable inscripto,Estudio Jurídico,estudio.zeta@correo.com,3456-7890,S.A.,,3/1/24/,501400,Mendoza,Argentina,
P00013,Repuestos Omega,30-98765437-1,Servicios,Monotributista,Sergio Castro,sergio.castro@correo.zom,3456-7890,S.A.,,14/4/24/,503100,San Rafael,Argentina,
P00022,Roberto Morales,30-98765437-1,Agente impositivo,Responsable inscripto,Roberto Morales,roberto.morales@correo.com,2345-6789,S.R.L.,,27/2/24/,514100,Santiago del Estero,Argentina,
P00013,Repuestos Omega,30-98765437-1,Servicios,Monotributista,Sergio Castro,sergio.castro@correo.zom,3456-7890,S.A.,,1/2/24/,503100,Buenos Aires,Argentina,
P00087,Consultora Zeta SRL,30-98765437-1,Servicios,Responsable inscripto,Consultora Zeta,consultora.zeta@correo.zom,7890-1234,S.R.L.,,19/3/24/,501400,Santiago del Estero,Argentina,
P00005,Carlos Méndez,30-98765437-1,Servicios,Monotributista,Carlos Méndez,carlos.mendez@correo.com,5678-9012,S.A.,,28/3/24/,514100,Viedma,Argentina,
P00098,Consultora Alpha,30-98765437-1,Materiales,Monotributista,Consultora Alpha,consultora.alpha@correo.zom,8901-2345,S.R.L.,,25/2/24/,516000,Santiago del Estero,Argentina,
P00022,Roberto Morales,30-98765437-1,Agente impositivo,Responsable inscripto,Roberto Morales,roberto.morales@correo.com,2345-6789,S.R.L.,,14/3/24/,516000,Rafaela,Argentina,
P00095,Servicios Consultores,30-98765437-1,Servicios,Responsable inscripto,Servicios Consultores,servicios.consultores@correo.com,5678-9012,S.A.,,30/3/24/,506100,Río Grande,Argentina,
P00050,Servicios Zeta,30-98765437-1,Servicios,Monotributista,Servicios Zeta,servicios.zeta@empresa.zom,0123-4567,S.R.L.,,4/1/24/,509100,La Plata,Argentina,
P00026,Carlos López,30-98765437-1,Materiales,Monotributista,Carlos López,carlos.lopez@correo.com,6789-0123,S.R.L.,,7/5/24/,509100,Calafate,Argentina,
P00062,Ana Gómez,30-98765437-1,Materiales,Monotributista,Ana Gómez,ana.gomez@correo.com,2345-6789,S.R.L.,,17/6/24/,514100,General Roca,Argentina,
P00001,Proveedora S.A.,30-98765437-1,Servicios,Responsable inscripto,Juan Pérez,juan.perez@empresa.com,1234-5678,S.A.,,18/3/24/,501400,Calafate,Argentina,
P00091,Pedro Morales,30-98765437-1,Agente impositivo,Responsable inscripto,Pedro Morales,pedro.morales@correo.zom,1234-5678,S.A.,,18/4/24/,514100,Villa Allende,Argentina,
P00096,Mariana Fernández,30-98765437-1,Materiales,Monotributista,Mariana Fernández,mariana.fernandez@correo.com,6789-0123,S.R.L.,,4/3/24/,509100,Cordoba,Argentina,
P00023,Inversiones Sigma,30-98765437-1,Servicios,Responsable inscripto,Carlos Jiménez,carlos.jimenez@empresa.com,3456-7890,S.A.,,29/2/24/,501400,Jujuy,Argentina,
P00039,Estudio Zeta,30-98765437-1,Agente impositivo,Responsable inscripto,Estudio Zeta,estudio.zeta@correo.zom,9012-3456,S.A.,,23/3/24/,514100,Rawson,Argentina,
P00080,Consultora Beta SRL,30-98765437-1,Servicios,Monotributista,Consultora Beta,consultora.beta@correo.zom,0123-4567,S.R.L.,,9/6/24/,514100,Formosa,Argentina,
P00084,Fernando Pérez,30-98765437-1,Servicios,Monotributista,Fernando Pérez,fernando.perez@correo.zom,4567-8901,S.R.L.,,12/2/24/,509100,Buenos Aires,Argentina,
P00071,Servicios Gamma,30-98765437-1,Agente impositivo,Responsable inscripto,Servicios Gamma,servicios.gamma@correo.zom,1234-5678,S.A.,,3/3/24/,503100,Formosa,Argentina,
P00042,Gabriela López,30-98765437-1,Materiales,Responsable inscripto,Gabriela López,gabriela.lopez@correo.zom,2345-6789,S.R.L.,,14/2/24/,503100,Buenos Aires,Argentina,
P00096,Mariana Fernández,30-98765437-1,Materiales,Monotributista,Mariana Fernández,mariana.fernandez@correo.com,6789-0123,S.R.L.,,11/5/24/,509100,Buenos Aires,Argentina,
P00046,Pedro Ruiz,30-98765437-1,Agente impositivo,Responsable inscripto,Pedro Ruiz,pedro.ruiz@correo.com,6789-0123,S.R.L.,,26/1/24/,516000,San Rafael,Argentina,
P00092,Consultora Zeta,30-98765437-1,Servicios,Monotributista,Consultora Zeta,consultora.zeta@empresa.zom,2345-6789,S.R.L.,,22/2/24/,516000,Buenos Aires,Argentina,
P00019,Ana López,30-98765437-1,Servicios,Responsable inscripto,Ana López,ana.lopez@correo.com,9012-3456,S.A.,,17/5/24/,503100,Bahía Blanca,Argentina,
P00091,Pedro Morales,30-98765437-1,Agente impositivo,Responsable inscripto,Pedro Morales,pedro.morales@correo.zom,1234-5678,S.A.,,29/6/24/,514100,Trelew,Argentina,
P00031,María Gómez,30-98765437-1,Materiales,Monotributista,María Gómez,maria.gomez@correo.zom,1234-5678,S.A.,,20/1/24/,506100,San Fernando del Valle de Catamarca,Argentina,
P00028,Andrés Martínez,30-98765437-1,Materiales,Responsable inscripto,Andrés Martínez,andres.martinez@correo.zom,8901-2345,S.R.L.,,6/5/24/,516000,Luján,Argentina,
P00078,Servicios Gamma S.A.,30-98765437-1,Materiales,Monotributista,Servicios Gamma,servicios.gamma@correo.zom,8901-2345,S.R.L.,,15/6/24/,506100,Formosa,Argentina,
P00035,Victor Pérez,30-98765437-1,Servicios,Monotributista,Victor Pérez,victor.perez@correo.zom,5678-9012,S.A.,,18/5/24/,501400,Mendoza,Argentina,
P00100,Gabriela Morales,30-98765437-1,Materiales,Monotributista,Gabriela Morales,gabriela.morales@empresa.zom,0123-4567,S.R.L.,,7/1/24/,503100,Buenos Aires,Argentina,
P00022,Roberto Morales,30-98765437-1,Agente impositivo,Responsable inscripto,Roberto Morales,roberto.morales@correo.com,2345-6789,S.R.L.,,18/1/24/,514100,Buenos Aires,Argentina,
P00075,Servicios Alpha S.A.,30-98765437-1,Servicios,Responsable inscripto,Servicios Alpha,servicios.alpha@correo.zom,5678-9012,S.A.,,30/6/24/,516000,Junín,Argentina,
P00041,Proveedora SRL,30-98765437-1,Servicios,Monotributista,Proveedora SRL,proveedora.srl@empresa.zom,1234-5678,S.R.L.,,19/1/24/,501400,Formosa,Argentina,
P00029,Grupo Omega,30-98765437-1,Servicios,Monotributista,Laura Fernández,laura.fernandez@correo.com,9012-3456,S.A.,,12/3/24/,501400,Chaco,Argentina,
P00084,Fernando Pérez,30-98765437-1,Servicios,Monotributista,Fernando Pérez,fernando.perez@correo.zom,4567-8901,S.R.L.,,5/1/24/,509100,Rosario,Argentina,
P00094,Gabriela Martínez,30-98765437-1,Agente impositivo,Monotributista,Gabriela Martínez,gabriela.martinez@empresa.zom,4567-8901,S.R.L.,,2/3/24/,503100,Resistencia,Argentina,
P00028,Andrés Martínez,30-98765437-1,Materiales,Responsable inscripto,Andrés Martínez,andres.martinez@correo.zom,8901-2345,S.R.L.,,25/3/24/,516000,Resistencia,Argentina,
P00027,Compañía Zeta,30-98765437-1,Servicios,Responsable inscripto,Ana García,ana.garcia@empresa.com,7890-1234,S.A.,,26/3/24/,514100,Villa María,Argentina,
P00080,Consultora Beta SRL,30-98765437-1,Servicios,Monotributista,Consultora Beta,consultora.beta@correo.zom,0123-4567,S.R.L.,,16/2/24/,516000,Buenos Aires,Argentina,
P00022,Roberto Morales,30-98765437-1,Agente impositivo,Responsable inscripto,Roberto Morales,roberto.morales@correo.com,2345-6789,S.R.L.,,10/6/24/,516000,Buenos Aires,Argentina,
P00099,Servicios Repuestos,30-98765437-1,Servicios,Responsable inscripto,Servicios Repuestos,servicios.repuestos@correo.com,9012-3456,S.A.,,26/5/24/,501400,Buenos Aires,Argentina,
P00025,Servicios Delta,30-98765437-1,Agente impositivo,Responsable inscripto,Sergio García,sergio.garcia@empresa.zom,5678-9012,S.A.,,30/5/24/,506100,San Martín,Argentina,
P00015,Rosa Pérez,30-98765437-1,Agente impositivo,Responsable inscripto,Rosa Pérez,rosa.perez@correo.zom,5678-9012,S.A.,,19/5/24/,509100,Buenos Aires,Argentina,
P00016,Marketing Global,30-98765437-1,Servicios,Responsable inscripto,Gabriela Gómez,gabriela.gomez@empresa.com,6789-0123,S.R.L.,,9/4/24/,514100,Bahía Blanca,Argentina,
P00047,Servicios SRL,30-98765437-1,Servicios,Responsable inscripto,Servicios SRL,servicios.srl@empresa.zom,7890-1234,S.R.L.,,1/5/24/,501400,Mendoza,Argentina,
P00010,Soluciones Gama,30-98765437-1,Servicios,Responsable inscripto,Javier Martínez,javier.martinez@empresa.com,0123-4567,S.R.L.,,2/5/24/,514100,Río Cuarto,Argentina,
P00089,Mariana Morales,30-98765437-1,Servicios,Responsable inscripto,Mariana Morales,mariana.morales@correo.com,9012-3456,S.A.,,18/1/24/,506100,Mendoza,Argentina,
P00024,Mariana Rodríguez,30-98765437-1,Servicios,Monotributista,Mariana Rodríguez,mariana.rodriguez@correo.zom,4567-8901,S.R.L.,,11/3/24/,503100,Formosa,Argentina,
P00080,Consultora Beta SRL,30-98765437-1,Servicios,Monotributista,Consultora Beta,consultora.beta@correo.zom,0123-4567,S.R.L.,,22/6/24/,516000,General Roca,Argentina,
P00014,Estudio Jurídico Alfa,30-98765437-1,Materiales,Responsable inscripto,María Hernández,maria.hernandez@correo.com,4567-8901,S.R.L.,,19/6/24/,506100,San Fernando,Argentina,
P00017,Julio Fernández,30-98765437-1,Materiales,Monotributista,Julio Fernández,julio.fernandez@correo.zom,7890-1234,S.A.,,5/3/24/,516000,Buenos Aires,Argentina,
P00021,Distribuciones ABC,30-98765437-1,Servicios,Monotributista,Francisco Gómez,francisco.gomez@correo.zom,1234-5678,S.A.,,28/3/24/,509100,Merlo,Argentina,
P00008,Compañía Beta,30-98765437-1,Agente impositivo,Monotributista,Laura Martínez,laura.martinez@empresa.zom,8901-2345,S.R.L.,,21/1/24/,506100,Rafaela,Argentina,
P00020,Juegos del Norte,30-98765437-1,Materiales,Responsable inscripto,Pablo Fernández,pablo.fernandez@empresa.zom,0123-4567,S.R.L.,,15/4/24/,506100,San Juan,Argentina,
P00018,Consultora Zeta,30-98765437-1,Servicios,Responsable inscripto,Laura Sánchez,laura.sanchez@empresa.zom,8901-2345,S.R.L.,,4/2/24/,501400,San Juan,Argentina,
